zoneName,NF_ABS,NF_SP,HF1_ABS,HF1_SP,HF2_ABS,HF2_SP,HF3_ABS,HF3_SP,HF4_ABS,HF4_SP,HF5_ABS,HF5_SP,HF6_ABS,HF6_SP,HF7_ABS,HF7_SP,HF8_ABS,HF8_SP,HF9_ABS,HF9_SP,HF10_ABS,HF10_SP,HF11_ABS,HF11_SP,HF12_ABS,HF12_SP,HF13_ABS,HF13_SP,HF14_ABS,HF14_SP,HF15_ABS,HF15_SP,HF16_ABS,HF16_SP,Unknown_ABS,Unknown_SP
1190812,59,59,111,101,0,0,17,17,7,7,58,58,20,20,17,17,31,31,0,0,0,0,3,3,6,6,0,0,3,3,9,9,6,6,0,0
1190811,45,45,67,57,0,0,33,33,5,5,52,52,12,12,15,15,32,32,0,0,0,0,4,4,11,11,0,0,4,4,8,8,0,0,0,0
1190810,15,15,25,23,0,0,4,4,0,0,10,10,3,3,0,0,3,3,0,0,0,0,0,0,0,0,0,0,0,0,0,0,0,0,0,0
1190913,113,113,59,58,0,0,7,7,0,0,28,28,5,5,0,0,21,21,0,0,3,3,0,0,12,12,0,0,0,0,18,18,7,7,0,0
1190912,117,117,44,37,0,0,0,0,0,0,12,12,0,0,0,0,6,6,0,0,0,0,0,0,6,6,0,0,0,0,3,3,5,5,0,0
1190911,225,225,66,66,0,0,5,5,0,0,12,12,0,0,10,10,11,11,0,0,0,0,0,0,8,8,3,3,0,0,8,8,10,10,0,0
1190910,35,35,33,28,0,0,7,7,0,0,34,34,7,7,0,0,13,13,0,0,0,0,0,0,0,0,0,0,7,7,9,9,0,0,0,0
1190804,102,102,72,72,0,0,7,7,0,0,51,51,3,3,3,3,21,21,4,4,0,0,0,0,19,19,0,0,0,0,12,12,7,7,0,0
1190102,24,24,33,32,0,0,6,6,0,0,62,62,3,3,3,3,18,18,0,0,0,0,0,0,7,7,0,0,0,0,6,6,0,0,0,0
1190803,32,32,13,12,0,0,3,3,3,3,3,3,3,3,0,0,3,3,0,0,0,0,0,0,6,6,0,0,0,0,3,3,0,0,0,0
1190105,21,21,33,26,3,3,11,11,7,7,71,71,4,4,7,7,24,24,0,0,7,7,0,0,6,6,0,0,3,3,5,5,0,0,0,0
1190806,34,34,48,45,4,4,8,8,3,3,27,27,7,7,6,6,10,10,0,0,0,0,0,0,8,8,0,0,3,3,5,5,3,3,0,0
1190104,40,40,46,43,0,0,8,8,3,3,52,52,6,6,6,6,18,18,0,0,4,4,3,3,3,3,0,0,3,3,3,3,3,3,0,0
1190805,31,31,69,66,0,0,7,7,0,0,32,32,3,3,3,3,21,21,0,0,0,0,0,0,18,18,3,3,3,3,5,5,0,0,0,0
1190101,30,30,33,29,4,4,15,15,8,8,48,48,12,12,10,10,12,12,0,0,4,4,0,0,3,3,0,0,4,4,3,3,0,0,0,0
1190802,91,91,80,78,0,0,7,7,3,3,48,48,4,4,8,8,23,23,0,0,7,7,0,0,15,15,0,0,3,3,22,22,4,4,0,0
1190801,77,77,50,49,0,0,6,6,0,0,34,34,6,6,0,0,14,14,0,0,5,5,0,0,10,10,0,0,3,3,9,9,4,4,0,0
1190202,20,20,25,25,0,0,0,0,0,0,16,16,0,0,8,8,0,0,0,0,0,0,0,0,0,0,0,0,0,0,0,0,0,0,0,0
1190808,21,21,48,46,0,0,10,10,0,0,18,18,0,0,5,5,8,8,0,0,0,0,0,0,4,4,0,0,0,0,0,0,3,3,0,0
1190201,7,7,25,20,0,0,0,0,4,4,13,13,0,0,0,0,10,10,0,0,0,0,0,0,0,0,4,4,0,0,0,0,0,0,0,0
1190807,96,96,75,70,0,0,9,9,0,0,36,36,0,0,7,7,19,19,0,0,4,4,0,0,24,24,3,3,0,0,14,14,0,0,0,0
1190204,37,37,44,39,0,0,4,4,3,3,32,32,3,3,8,8,14,14,0,0,0,0,0,0,12,12,0,0,0,0,3,3,3,3,0,0
1190203,31,31,33,33,0,0,8,8,4,4,19,19,0,0,9,9,7,7,0,0,0,0,0,0,8,8,0,0,3,3,3,3,0,0,0,0
1190809,68,68,41,41,3,3,0,0,6,6,23,23,4,4,0,0,7,7,0,0,4,4,3,3,12,12,3,3,5,5,8,8,4,4,0,0
1190207,38,38,86,81,0,0,17,17,5,5,51,51,5,5,17,17,17,17,0,0,3,3,0,0,7,7,4,4,3,3,10,10,0,0,0,0
1190208,82,82,86,81,0,0,13,13,3,3,66,66,4,4,15,15,21,21,5,5,7,7,0,0,6,6,4,4,4,4,10,10,3,3,0,0
1190205,37,37,52,49,0,0,5,5,3,3,52,52,0,0,3,3,14,14,0,0,5,5,0,0,8,8,3,3,3,3,3,3,0,0,0,0
1190206,32,32,45,40,0,0,11,11,0,0,29,29,5,5,5,5,5,5,0,0,0,0,0,0,4,4,6,6,0,0,4,4,0,0,0,0
1190209,37,37,43,40,0,0,11,11,0,0,50,50,8,8,5,5,7,7,0,0,4,4,0,0,7,7,0,0,0,0,11,11,0,0,0,0
1190108,67,67,99,93,0,0,10,10,5,5,112,112,6,6,5,5,18,18,0,0,5,5,0,0,20,20,5,5,0,0,12,12,0,0,0,0
1190109,39,39,40,31,8,8,14,14,5,5,56,56,13,13,6,6,21,21,0,0,3,3,3,3,9,9,0,0,0,0,8,8,4,4,0,0
1190106,33,33,50,50,0,0,21,21,0,0,62,62,7,7,12,12,11,11,0,0,0,0,0,0,8,8,0,0,3,3,8,8,3,3,0,0
1190107,16,16,42,37,0,0,6,6,4,4,55,55,3,3,4,4,18,18,3,3,0,0,0,0,6,6,0,0,3,3,0,0,0,0,0,0
1190113,25,25,41,36,4,4,11,11,0,0,56,56,9,9,0,0,8,8,0,0,0,0,0,0,5,5,3,3,3,3,8,8,0,0,0,0
1190112,28,28,69,61,0,0,17,17,4,4,65,65,4,4,15,15,19,19,0,0,0,0,4,4,8,8,4,4,0,0,3,3,3,3,0,0
1190111,38,38,41,37,6,6,11,11,4,4,42,42,4,4,3,3,9,9,0,0,0,0,0,0,17,17,0,0,5,5,5,5,4,4,0,0
1190110,19,19,27,22,5,5,10,10,0,0,32,32,8,8,0,0,8,8,0,0,0,0,0,0,6,6,0,0,6,6,0,0,0,0,0,0
1190211,22,22,31,28,0,0,3,3,0,0,33,33,0,0,5,5,14,14,0,0,0,0,0,0,6,6,0,0,0,0,8,8,3,3,0,0
1190210,117,117,79,71,0,0,5,5,0,0,35,35,7,7,10,10,6,6,0,0,3,3,0,0,11,11,0,0,10,10,8,8,4,4,0,0
1192107,84,84,56,54,0,0,3,3,3,3,23,23,3,3,6,6,11,11,0,0,0,0,5,5,15,15,4,4,4,4,13,13,0,0,0,0
1192106,97,97,69,69,0,0,6,6,3,3,22,22,7,7,0,0,25,25,0,0,3,3,6,6,37,37,4,4,0,0,19,19,4,4,0,0
1192105,58,58,78,78,5,5,9,9,12,12,53,53,15,15,13,13,31,31,3,3,11,11,10,10,47,47,10,10,4,4,24,24,0,0,0,0
1192104,100,100,53,53,3,3,3,3,3,3,18,18,0,0,4,4,19,19,3,3,4,4,0,0,21,21,0,0,4,4,17,17,0,0,0,0
1192103,51,51,34,34,4,4,0,0,3,3,13,13,7,7,0,0,10,10,0,0,0,0,3,3,11,11,0,0,0,0,9,9,0,0,0,0
1192102,78,78,104,93,0,0,5,5,7,7,33,33,3,3,3,3,31,31,0,0,0,0,4,4,14,14,3,3,5,5,15,15,0,0,0,0
1192101,59,59,54,54,0,0,6,6,0,0,31,31,0,0,3,3,20,20,0,0,3,3,0,0,21,21,0,0,0,0,16,16,0,0,0,0
1192111,35,35,49,49,0,0,0,0,0,0,24,24,0,0,0,0,11,11,0,0,0,0,0,0,5,5,0,0,4,4,9,9,4,4,0,0
1192113,67,67,40,36,0,0,0,0,0,0,15,15,0,0,3,3,5,5,0,0,0,0,0,0,3,3,0,0,0,0,8,8,3,3,0,0
1192110,80,80,74,70,0,0,6,6,7,7,32,32,6,6,0,0,22,22,0,0,5,5,0,0,20,20,0,0,5,5,26,26,5,5,0,0
1192911,70,70,52,52,0,0,3,3,3,3,22,22,3,3,0,0,3,3,0,0,3,3,0,0,24,24,0,0,6,6,10,10,0,0,0,0
1192108,8,8,20,15,0,0,0,0,4,4,12,12,0,0,0,0,7,7,0,0,0,0,0,0,0,0,0,0,0,0,0,0,0,0,0,0
1192912,55,55,48,47,0,0,10,10,3,3,31,31,0,0,5,5,16,16,0,0,0,0,0,0,14,14,0,0,0,0,8,8,4,4,0,0
1192109,87,87,90,85,0,0,7,7,14,14,46,46,12,12,6,6,20,20,0,0,0,0,5,5,12,12,0,0,0,0,20,20,7,7,0,0
1192910,17,17,37,37,0,0,5,5,0,0,35,35,7,7,0,0,11,11,0,0,0,0,0,0,10,10,0,0,0,0,5,5,5,5,0,0
1181602,33,33,45,45,0,0,0,0,0,0,5,5,3,3,0,0,0,0,0,0,0,0,0,0,0,0,0,0,0,0,5,5,0,0,0,0
1181601,63,63,79,73,0,0,4,4,3,3,38,38,3,3,3,3,11,11,0,0,4,4,0,0,12,12,0,0,0,0,10,10,3,3,0,0
1192908,68,68,86,82,0,0,9,9,0,0,32,32,4,4,7,7,18,18,0,0,0,0,5,5,24,24,0,0,4,4,18,18,6,6,0,0
1192909,67,67,63,60,0,0,8,8,0,0,37,37,6,6,3,3,20,20,0,0,0,0,3,3,10,10,0,0,7,7,18,18,5,5,0,0
1190901,94,94,44,44,0,0,0,0,6,6,30,30,0,0,10,10,11,11,0,0,0,0,0,0,10,10,0,0,3,3,13,13,3,3,0,0
1190902,34,34,60,58,4,4,9,9,0,0,30,30,3,3,5,5,22,22,0,0,0,0,0,0,14,14,0,0,6,6,15,15,0,0,0,0
1190903,204,204,93,89,3,3,11,11,3,3,53,53,8,8,9,9,12,12,0,0,0,0,0,0,21,21,0,0,0,0,25,25,0,0,0,0
1190904,50,50,34,33,0,0,0,0,3,3,0,0,0,0,0,0,4,4,0,0,0,0,0,0,6,6,3,3,0,0,0,0,0,0,0,0
1190905,50,50,44,44,0,0,5,5,4,4,36,36,4,4,3,3,14,14,0,0,3,3,0,0,9,9,4,4,0,0,10,10,5,5,0,0
1192902,37,37,54,52,0,0,13,13,6,6,30,30,7,7,6,6,26,26,0,0,0,0,0,0,9,9,0,0,0,0,7,7,3,3,0,0
1190906,49,49,29,28,0,0,0,0,0,0,27,27,4,4,0,0,8,8,0,0,0,0,4,4,8,8,0,0,0,0,9,9,0,0,0,0
1192903,44,44,57,57,3,3,5,5,3,3,32,32,3,3,10,10,15,15,0,0,3,3,0,0,17,17,0,0,0,0,7,7,0,0,0,0
1190907,100,100,46,44,0,0,0,0,3,3,23,23,3,3,4,4,5,5,0,0,3,3,0,0,15,15,0,0,4,4,5,5,3,3,0,0
1190908,154,154,70,67,0,0,5,5,4,4,48,48,3,3,8,8,14,14,0,0,5,5,4,4,26,26,0,0,0,0,16,16,4,4,0,0
1192901,67,67,45,45,0,0,12,12,7,7,35,35,0,0,7,7,16,16,0,0,3,3,0,0,18,18,0,0,5,5,4,4,7,7,0,0
1190909,190,190,59,56,0,0,5,5,0,0,21,21,5,5,0,0,9,9,0,0,0,0,0,0,22,22,0,0,4,4,13,13,5,5,0,0
1192906,50,50,59,58,0,0,10,10,0,0,31,31,3,3,3,3,21,21,0,0,0,0,0,0,16,16,3,3,0,0,11,11,0,0,0,0
1192907,50,50,61,61,0,0,10,10,7,7,47,47,7,7,7,7,20,20,0,0,0,0,3,3,12,12,0,0,0,0,14,14,3,3,0,0
1192904,58,58,69,69,3,3,4,4,5,5,44,44,4,4,3,3,19,19,0,0,0,0,0,0,22,22,0,0,0,0,19,19,0,0,0,0
1192905,41,41,45,45,0,0,0,0,6,6,22,22,3,3,3,3,15,15,0,0,0,0,0,0,21,21,0,0,0,0,10,10,3,3,0,0
1191008,117,117,31,31,0,0,5,5,0,0,15,15,0,0,3,3,12,12,0,0,0,0,3,3,9,9,0,0,4,4,6,6,9,9,0,0
1191009,16,16,11,11,5,5,7,7,0,0,15,15,0,0,0,0,0,0,0,0,0,0,3,3,3,3,0,0,0,0,7,7,0,0,0,0
1191010,107,107,97,94,0,0,19,19,0,0,61,61,8,8,14,14,24,24,0,0,0,0,3,3,16,16,0,0,6,6,25,25,10,10,0,0
1191012,36,36,115,104,4,4,24,24,5,5,55,55,12,12,18,18,22,22,0,0,0,0,0,0,5,5,0,0,6,6,6,6,0,0,0,0
1191011,48,48,29,29,0,0,4,4,0,0,25,25,0,0,0,0,11,11,0,0,3,3,3,3,3,3,0,0,0,0,5,5,3,3,0,0
1181301,27,27,56,54,0,0,6,6,3,3,27,27,0,0,3,3,14,14,0,0,0,0,0,0,8,8,0,0,5,5,0,0,3,3,0,0
1181609,40,40,62,62,0,0,4,4,0,0,10,10,0,0,4,4,5,5,0,0,0,0,0,0,9,9,0,0,0,0,3,3,0,0,0,0
1181608,81,81,71,69,0,0,5,5,0,0,22,22,0,0,7,7,13,13,0,0,5,5,0,0,10,10,0,0,0,0,6,6,3,3,0,0
1181413,49,49,65,63,0,0,0,0,0,0,23,23,0,0,0,0,4,4,0,0,0,0,4,4,11,11,0,0,4,4,4,4,0,0,0,0
1181607,32,32,32,32,3,3,3,3,0,0,10,10,0,0,4,4,0,0,0,0,0,0,0,0,4,4,0,0,4,4,6,6,0,0,0,0
1181412,43,43,49,45,0,0,9,9,5,5,21,21,7,7,5,5,0,0,0,0,3,3,6,6,4,4,0,0,4,4,10,10,0,0,0,0
1181606,36,36,36,34,0,0,5,5,0,0,13,13,3,3,3,3,4,4,0,0,5,5,0,0,0,0,0,0,0,0,3,3,0,0,0,0
1181411,22,22,22,20,0,0,3,3,0,0,6,6,0,0,3,3,3,3,0,0,0,0,0,0,4,4,0,0,0,0,3,3,0,0,0,0
1181305,83,83,68,65,0,0,0,0,0,0,0,0,3,3,0,0,10,10,0,0,4,4,0,0,5,5,0,0,0,0,9,9,0,0,0,0
1181605,16,16,67,62,0,0,14,14,5,5,36,36,3,3,3,3,10,10,0,0,0,0,3,3,3,3,0,0,3,3,0,0,0,0,0,0
1181410,20,20,34,31,0,0,0,0,3,3,10,10,3,3,3,3,0,0,0,0,0,0,0,0,0,0,0,0,0,0,3,3,0,0,0,0
1181304,52,52,70,68,0,0,3,3,0,0,13,13,0,0,3,3,6,6,0,0,4,4,0,0,8,8,0,0,3,3,3,3,0,0,0,0
1181604,31,31,32,30,0,0,4,4,0,0,18,18,0,0,0,0,4,4,0,0,0,0,0,0,0,0,0,0,0,0,0,0,0,0,0,0
1181303,31,31,45,40,0,0,3,3,3,3,18,18,0,0,0,0,7,7,0,0,4,4,0,0,17,17,0,0,0,0,8,8,0,0,0,0
1181603,35,35,80,75,3,3,10,10,4,4,33,33,3,3,3,3,9,9,0,0,3,3,3,3,15,15,0,0,3,3,4,4,0,0,0,0
1181302,29,29,42,41,0,0,5,5,0,0,11,11,0,0,0,0,5,5,0,0,0,0,0,0,0,0,0,0,0,0,6,6,0,0,0,0
1181206,84,84,94,91,0,0,3,3,3,3,30,30,0,0,3,3,7,7,0,0,3,3,0,0,21,21,6,6,0,0,6,6,3,3,0,0
1181205,78,78,130,123,0,0,9,9,0,0,79,79,6,6,0,0,15,15,3,3,3,3,3,3,26,26,3,3,0,0,11,11,3,3,0,0
1181204,50,50,79,79,3,3,3,3,4,4,19,19,3,3,3,3,6,6,0,0,3,3,0,0,16,16,0,0,5,5,4,4,3,3,0,0
1181203,52,52,67,65,0,0,4,4,3,3,17,17,0,0,4,4,5,5,0,0,0,0,0,0,20,20,0,0,4,4,3,3,3,3,0,0
1181202,50,50,63,63,0,0,4,4,0,0,15,15,0,0,0,0,12,12,0,0,3,3,3,3,17,17,0,0,4,4,9,9,0,0,0,0
1181201,82,82,71,71,0,0,6,6,4,4,24,24,0,0,3,3,14,14,3,3,0,0,3,3,17,17,3,3,4,4,4,4,3,3,0,0
1181409,27,27,32,32,0,0,3,3,0,0,25,25,0,0,6,6,4,4,0,0,0,0,0,0,4,4,0,0,0,0,4,4,5,5,0,0
1181610,34,34,45,42,7,7,0,0,0,0,14,14,0,0,3,3,4,4,0,0,0,0,0,0,7,7,0,0,0,0,5,5,0,0,0,0
1181611,58,58,63,57,4,4,4,4,0,0,18,18,0,0,4,4,3,3,0,0,3,3,0,0,10,10,0,0,0,0,4,4,0,0,0,0
1181407,27,27,49,48,0,0,7,7,7,7,20,20,0,0,3,3,11,11,0,0,0,0,0,0,0,0,0,0,0,0,10,10,0,0,0,0
1181408,45,45,70,69,0,0,5,5,0,0,15,15,0,0,0,0,9,9,0,0,0,0,0,0,5,5,0,0,0,0,4,4,0,0,0,0
1181405,34,34,61,60,7,7,7,7,0,0,30,30,4,4,5,5,13,13,3,3,0,0,0,0,3,3,0,0,0,0,0,0,0,0,0,0
1181406,64,64,64,62,0,0,8,8,3,3,37,37,3,3,3,3,9,9,0,0,0,0,0,0,11,11,0,0,0,0,7,7,3,3,0,0
1191811,92,92,52,49,0,0,3,3,3,3,17,17,3,3,4,4,14,14,0,0,0,0,12,12,19,19,0,0,0,0,10,10,0,0,0,0
1181310,81,81,93,91,0,0,3,3,3,3,17,17,0,0,0,0,11,11,0,0,0,0,0,0,12,12,0,0,3,3,9,9,3,3,0,0
1182307,54,54,43,43,0,0,7,7,0,0,35,35,0,0,3,3,6,6,5,5,0,0,4,4,23,23,4,4,4,4,11,11,3,3,0,0
1182308,23,23,21,19,0,0,0,0,0,0,4,4,0,0,0,0,3,3,0,0,0,0,0,0,0,0,0,0,0,0,4,4,0,0,0,0
1182309,25,25,49,48,0,0,0,0,0,0,23,23,0,0,0,0,9,9,0,0,3,3,0,0,9,9,0,0,0,0,4,4,0,0,0,0
1181311,48,48,42,42,0,0,3,3,3,3,3,3,3,3,0,0,3,3,0,0,0,0,4,4,6,6,0,0,3,3,3,3,0,0,0,0
1182314,18,18,55,53,3,3,9,9,6,6,34,34,7,7,8,8,9,9,0,0,0,0,0,0,7,7,0,0,0,0,7,7,0,0,0,0
1191614,152,152,97,94,0,0,12,12,3,3,67,67,4,4,5,5,24,24,3,3,3,3,3,3,24,24,0,0,5,5,14,14,5,5,0,0
1191613,53,53,68,66,0,0,11,11,0,0,30,30,0,0,11,11,22,22,0,0,0,0,0,0,0,0,0,0,5,5,16,16,3,3,0,0
1181306,58,58,84,84,0,0,7,7,0,0,14,14,0,0,0,0,8,8,0,0,4,4,5,5,5,5,0,0,3,3,6,6,4,4,0,0
1182311,45,45,56,52,0,0,3,3,3,3,33,33,6,6,0,0,8,8,0,0,0,0,3,3,18,18,0,0,5,5,0,0,0,0,0,0
1181307,45,45,46,44,0,0,9,9,6,6,14,14,0,0,0,0,6,6,0,0,0,0,0,0,0,0,4,4,0,0,7,7,0,0,0,0
1182310,59,59,76,73,0,0,12,12,5,5,35,35,6,6,4,4,9,9,0,0,3,3,0,0,17,17,3,3,3,3,11,11,0,0,0,0
1181308,42,42,63,63,4,4,0,0,0,0,15,15,0,0,3,3,6,6,0,0,0,0,0,0,12,12,0,0,0,0,8,8,0,0,0,0
1182313,36,36,92,89,0,0,5,5,0,0,32,32,0,0,0,0,16,16,0,0,0,0,3,3,11,11,3,3,0,0,9,9,0,0,0,0
1181309,44,44,115,111,0,0,0,0,0,0,9,9,0,0,5,5,3,3,0,0,0,0,0,0,6,6,0,0,3,3,5,5,0,0,0,0
1182312,52,52,75,74,3,3,3,3,3,3,31,31,0,0,3,3,8,8,3,3,3,3,0,0,8,8,5,5,0,0,7,7,3,3,0,0
1191801,38,38,82,77,8,8,18,18,7,7,64,64,19,19,14,14,16,16,0,0,3,3,0,0,6,6,3,3,3,3,3,3,5,5,0,0
1191802,26,26,61,59,0,0,6,6,5,5,58,58,3,3,8,8,12,12,0,0,0,0,0,0,10,10,0,0,0,0,8,8,0,0,0,0
1191803,31,31,50,50,5,5,6,6,3,3,39,39,6,6,6,6,27,27,0,0,0,0,0,0,11,11,0,0,0,0,11,11,4,4,0,0
1191804,25,25,32,32,0,0,7,7,0,0,32,32,0,0,4,4,17,17,0,0,0,0,0,0,7,7,0,0,4,4,6,6,0,0,0,0
1191610,114,114,87,80,0,0,6,6,6,6,42,42,7,7,3,3,28,28,4,4,4,4,0,0,12,12,0,0,0,0,18,18,0,0,0,0
1191806,71,71,61,61,0,0,5,5,6,6,36,36,4,4,0,0,18,18,5,5,3,3,0,0,35,35,0,0,3,3,23,23,3,3,0,0
1191611,75,75,82,80,0,0,13,13,0,0,46,46,4,4,5,5,19,19,0,0,0,0,3,3,13,13,0,0,3,3,12,12,5,5,0,0
1191807,81,81,65,65,0,0,7,7,0,0,35,35,3,3,8,8,19,19,0,0,4,4,0,0,13,13,0,0,0,0,10,10,6,6,0,0
1191612,168,168,68,66,3,3,0,0,3,3,23,23,0,0,3,3,9,9,3,3,0,0,0,0,7,7,0,0,0,0,15,15,5,5,0,0
1191808,55,55,56,54,0,0,9,9,3,3,37,37,4,4,0,0,22,22,0,0,0,0,0,0,12,12,0,0,4,4,7,7,0,0,0,0
1191809,50,50,59,53,0,0,4,4,0,0,28,28,6,6,3,3,17,17,3,3,0,0,0,0,9,9,0,0,4,4,4,4,0,0,0,0
1191603,50,50,31,28,0,0,0,0,4,4,11,11,0,0,3,3,19,19,0,0,0,0,0,0,0,0,0,0,0,0,15,15,0,0,0,0
1182306,59,59,92,90,0,0,3,3,3,3,39,39,4,4,3,3,12,12,0,0,0,0,0,0,16,16,0,0,3,3,9,9,0,0,0,0
1191602,32,32,32,32,0,0,4,4,3,3,14,14,3,3,0,0,12,12,0,0,0,0,0,0,10,10,0,0,0,0,12,12,3,3,0,0
1182305,59,59,81,80,0,0,6,6,0,0,20,20,3,3,3,3,4,4,0,0,0,0,4,4,15,15,0,0,3,3,10,10,0,0,0,0
1191605,48,48,46,40,0,0,4,4,5,5,26,26,4,4,3,3,16,16,0,0,5,5,0,0,14,14,0,0,0,0,3,3,0,0,0,0
1182304,44,44,65,65,3,3,9,9,6,6,53,53,0,0,0,0,10,10,0,0,5,5,0,0,14,14,0,0,0,0,3,3,4,4,0,0
1191604,96,96,54,52,0,0,3,3,3,3,15,15,0,0,6,6,9,9,3,3,3,3,0,0,6,6,0,0,3,3,8,8,4,4,0,0
1191607,62,62,59,58,3,3,10,10,4,4,35,35,7,7,4,4,17,17,0,0,0,0,0,0,8,8,3,3,0,0,11,11,3,3,0,0
1182302,17,17,40,36,0,0,4,4,4,4,16,16,0,0,0,0,7,7,0,0,0,0,0,0,5,5,0,0,0,0,7,7,4,4,0,0
1191606,20,20,30,26,4,4,5,5,0,0,33,33,6,6,3,3,5,5,3,3,0,0,0,0,3,3,3,3,0,0,3,3,0,0,0,0
1182301,10,10,27,26,0,0,3,3,6,6,14,14,3,3,3,3,3,3,0,0,0,0,0,0,4,4,0,0,0,0,3,3,0,0,0,0
1191810,36,36,58,57,5,5,5,5,4,4,56,56,5,5,8,8,18,18,0,0,3,3,0,0,17,17,4,4,5,5,4,4,0,0,0,0
1191609,48,48,37,36,0,0,0,0,0,0,22,22,0,0,3,3,10,10,0,0,6,6,0,0,10,10,0,0,4,4,5,5,0,0,0,0
1191608,47,47,35,35,0,0,6,6,4,4,35,35,0,0,5,5,11,11,0,0,0,0,0,0,9,9,0,0,4,4,6,6,4,4,0,0
1191601,71,71,82,76,3,3,7,7,7,7,33,33,11,11,0,0,24,24,0,0,3,3,0,0,8,8,3,3,8,8,10,10,4,4,0,0
1180907,74,74,66,62,0,0,5,5,0,0,18,18,4,4,0,0,7,7,0,0,0,0,0,0,4,4,0,0,0,0,13,13,4,4,0,0
1180908,51,51,85,83,0,0,5,5,0,0,20,20,3,3,0,0,9,9,0,0,3,3,0,0,10,10,3,3,4,4,4,4,5,5,0,0
1180909,43,43,41,36,0,0,0,0,0,0,13,13,0,0,0,0,4,4,0,0,0,0,4,4,5,5,0,0,0,0,0,0,0,0,0,0
1180903,55,55,61,59,3,3,8,8,5,5,17,17,4,4,0,0,0,0,0,0,0,0,0,0,14,14,0,0,0,0,12,12,3,3,0,0
1180904,34,34,33,32,0,0,3,3,0,0,14,14,0,0,0,0,8,8,0,0,0,0,3,3,5,5,0,0,0,0,10,10,0,0,0,0
1180905,42,42,48,45,0,0,0,0,4,4,8,8,0,0,0,0,8,8,0,0,0,0,0,0,3,3,3,3,0,0,4,4,5,5,0,0
1180906,70,70,96,94,0,0,6,6,4,4,22,22,6,6,0,0,16,16,0,0,0,0,0,0,14,14,0,0,0,0,0,0,0,0,0,0
1180901,30,30,20,18,0,0,4,4,0,0,4,4,0,0,0,0,4,4,0,0,0,0,5,5,5,5,0,0,0,0,8,8,3,3,0,0
1180902,41,41,72,68,4,4,9,9,4,4,21,21,0,0,9,9,18,18,0,0,0,0,5,5,7,7,0,0,0,0,7,7,0,0,0,0
1181510,61,61,92,87,4,4,11,11,0,0,24,24,0,0,5,5,11,11,0,0,0,0,0,0,9,9,0,0,4,4,6,6,0,0,0,0
1181513,20,20,48,47,0,0,8,8,0,0,20,20,3,3,3,3,3,3,0,0,0,0,0,0,7,7,0,0,3,3,3,3,0,0,0,0
1181511,29,29,106,106,0,0,3,3,0,0,34,34,0,0,5,5,9,9,0,0,5,5,0,0,14,14,0,0,0,0,6,6,0,0,0,0
1181512,33,33,55,55,0,0,5,5,3,3,8,8,3,3,5,5,4,4,0,0,0,0,0,0,7,7,0,0,4,4,0,0,0,0,0,0
1181507,33,33,46,46,3,3,3,3,0,0,8,8,3,3,3,3,3,3,0,0,0,0,3,3,0,0,0,0,3,3,0,0,4,4,0,0
1181506,31,31,40,38,0,0,0,0,0,0,8,8,0,0,0,0,3,3,0,0,0,0,0,0,3,3,0,0,0,0,0,0,3,3,0,0
1181505,32,32,30,30,0,0,0,0,0,0,3,3,3,3,3,3,3,3,0,0,0,0,0,0,5,5,0,0,0,0,0,0,0,0,0,0
1181504,57,57,62,62,0,0,3,3,3,3,13,13,0,0,3,3,4,4,0,0,0,0,5,5,6,6,0,0,0,0,5,5,5,5,0,0
1181509,51,51,84,84,0,0,0,0,4,4,22,22,4,4,3,3,9,9,0,0,0,0,0,0,10,10,3,3,3,3,4,4,0,0,0,0
1181508,32,32,37,37,0,0,0,0,5,5,9,9,0,0,5,5,3,3,0,0,3,3,0,0,3,3,0,0,0,0,3,3,0,0,0,0
1181501,50,50,62,59,0,0,6,6,0,0,29,29,0,0,0,0,10,10,4,4,3,3,3,3,8,8,0,0,8,8,0,0,0,0,0,0
1181502,35,35,39,39,0,0,0,0,0,0,8,8,0,0,0,0,4,4,0,0,3,3,0,0,9,9,0,0,4,4,4,4,0,0,0,0
1181503,41,41,47,43,3,3,3,3,9,9,13,13,0,0,3,3,6,6,0,0,0,0,0,0,8,8,0,0,3,3,9,9,0,0,0,0
1181401,24,24,38,38,5,5,0,0,0,0,10,10,0,0,4,4,7,7,0,0,0,0,0,0,0,0,0,0,0,0,0,0,0,0,0,0
1181403,18,18,23,23,0,0,0,0,7,7,7,7,0,0,5,5,0,0,0,0,0,0,0,0,0,0,0,0,3,3,4,4,0,0,0,0
1181404,35,35,53,51,0,0,4,4,0,0,20,20,3,3,0,0,5,5,0,0,0,0,0,0,3,3,0,0,0,0,10,10,0,0,0,0
1191714,27,27,31,30,5,5,13,13,8,8,52,52,6,6,6,6,26,26,0,0,3,3,6,6,14,14,0,0,0,0,12,12,0,0,0,0
1191712,21,21,58,58,5,5,20,20,12,12,48,48,7,7,8,8,41,41,0,0,0,0,3,3,8,8,3,3,3,3,3,3,0,0,0,0
1191713,56,56,28,28,0,0,0,0,0,0,10,10,0,0,3,3,8,8,0,0,3,3,0,0,19,19,0,0,0,0,5,5,3,3,0,0
1190708,63,63,87,84,0,0,22,22,0,0,82,82,8,8,8,8,21,21,0,0,0,0,0,0,10,10,3,3,4,4,6,6,7,7,0,0
1190709,131,131,52,50,0,0,3,3,3,3,18,18,0,0,0,0,8,8,0,0,4,4,0,0,17,17,0,0,0,0,11,11,0,0,0,0
1191711,63,63,109,105,0,0,9,9,5,5,65,65,6,6,16,16,38,38,0,0,0,0,3,3,11,11,0,0,0,0,9,9,3,3,0,0
1191710,70,70,52,50,3,3,4,4,3,3,28,28,5,5,0,0,12,12,5,5,5,5,0,0,23,23,3,3,3,3,9,9,0,0,0,0
1190701,47,47,94,89,0,0,9,9,3,3,36,36,6,6,0,0,17,17,0,0,0,0,5,5,7,7,0,0,0,0,15,15,0,0,0,0
1190702,100,100,97,93,4,4,12,12,5,5,66,66,3,3,9,9,18,18,0,0,0,0,0,0,10,10,3,3,3,3,9,9,4,4,0,0
1190703,77,77,67,65,0,0,0,0,3,3,28,28,4,4,4,4,13,13,0,0,0,0,0,0,15,15,3,3,3,3,11,11,3,3,0,0
1190704,77,77,82,81,0,0,10,10,0,0,47,47,0,0,5,5,26,26,0,0,3,3,0,0,18,18,6,6,3,3,24,24,0,0,0,0
1190705,68,68,71,63,0,0,8,8,0,0,31,31,3,3,4,4,15,15,0,0,0,0,0,0,15,15,0,0,0,0,5,5,0,0,0,0
1190706,78,78,50,48,0,0,7,7,4,4,46,46,9,9,0,0,10,10,0,0,4,4,4,4,10,10,0,0,4,4,14,14,5,5,0,0
1190707,89,89,34,33,0,0,0,0,0,0,13,13,4,4,3,3,13,13,0,0,5,5,0,0,9,9,0,0,0,0,4,4,0,0,0,0
1191709,78,78,54,54,0,0,0,0,0,0,29,29,0,0,5,5,12,12,0,0,0,0,3,3,22,22,0,0,7,7,9,9,4,4,0,0
1190710,35,35,49,45,3,3,6,6,0,0,37,37,6,6,0,0,17,17,0,0,0,0,3,3,4,4,0,0,4,4,4,4,4,4,0,0
1191705,40,40,48,46,0,0,5,5,9,9,23,23,0,0,0,0,26,26,0,0,0,0,0,0,14,14,6,6,0,0,13,13,6,6,0,0
1191706,75,75,85,85,0,0,10,10,8,8,23,23,5,5,0,0,31,31,6,6,6,6,0,0,24,24,5,5,0,0,12,12,4,4,0,0
1191707,38,38,34,32,0,0,5,5,0,0,16,16,3,3,0,0,13,13,0,0,0,0,0,0,4,4,0,0,3,3,5,5,4,4,0,0
1191708,45,45,83,79,3,3,11,11,0,0,73,73,11,11,9,9,32,32,4,4,3,3,4,4,20,20,0,0,3,3,14,14,3,3,0,0
1191701,36,36,22,19,0,0,0,0,0,0,10,10,3,3,4,4,19,19,0,0,0,0,4,4,8,8,0,0,0,0,17,17,0,0,0,0
1180912,46,46,62,61,0,0,0,0,5,5,20,20,0,0,0,0,0,0,0,0,3,3,0,0,4,4,0,0,0,0,8,8,4,4,0,0
1191702,40,40,51,46,4,4,4,4,4,4,21,21,3,3,4,4,25,25,0,0,0,0,3,3,12,12,0,0,0,0,13,13,0,0,0,0
1191703,55,55,64,64,0,0,13,13,4,4,52,52,5,5,7,7,27,27,0,0,4,4,0,0,12,12,0,0,0,0,18,18,4,4,0,0
1180910,34,34,47,47,0,0,8,8,0,0,6,6,0,0,3,3,6,6,0,0,8,8,0,0,3,3,0,0,3,3,0,0,4,4,0,0
1191704,18,18,35,33,5,5,11,11,11,11,40,40,7,7,6,6,21,21,0,0,3,3,3,3,3,3,4,4,3,3,3,3,0,0,0,0
1180911,44,44,48,45,0,0,4,4,6,6,16,16,0,0,5,5,6,6,0,0,4,4,0,0,8,8,0,0,0,0,0,0,0,0,0,0
1181001,21,21,69,64,0,0,8,8,10,10,47,47,5,5,5,5,16,16,0,0,0,0,0,0,7,7,0,0,0,0,5,5,4,4,0,0
1180812,30,30,40,39,0,0,9,9,0,0,12,12,0,0,8,8,0,0,0,0,0,0,0,0,5,5,0,0,0,0,0,0,0,0,0,0
1190511,21,21,58,58,0,0,7,7,3,3,48,48,9,9,5,5,19,19,0,0,3,3,3,3,7,7,0,0,3,3,3,3,0,0,0,0
1181002,41,41,79,79,3,3,13,13,3,3,42,42,0,0,3,3,7,7,3,3,0,0,0,0,17,17,0,0,3,3,3,3,0,0,0,0
1180811,25,25,21,21,0,0,6,6,3,3,12,12,0,0,0,0,5,5,0,0,0,0,0,0,5,5,0,0,0,0,0,0,3,3,0,0
1190512,91,91,82,76,3,3,5,5,0,0,46,46,0,0,5,5,11,11,0,0,6,6,0,0,13,13,0,0,7,7,10,10,0,0,0,0
1181003,33,33,65,65,0,0,8,8,0,0,19,19,5,5,0,0,3,3,0,0,4,4,0,0,9,9,0,0,3,3,3,3,4,4,0,0
1180814,39,39,39,39,0,0,0,0,3,3,8,8,0,0,3,3,3,3,0,0,3,3,0,0,0,0,0,0,0,0,3,3,3,3,0,0
1190308,30,30,45,38,3,3,10,10,3,3,28,28,0,0,3,3,14,14,0,0,4,4,0,0,5,5,0,0,4,4,9,9,3,3,0,0
1181004,40,40,52,51,0,0,0,0,4,4,8,8,0,0,0,0,10,10,0,0,5,5,0,0,6,6,0,0,0,0,3,3,0,0,0,0
1180813,26,26,30,30,0,0,0,0,6,6,16,16,3,3,3,3,9,9,0,0,0,0,0,0,3,3,0,0,4,4,9,9,0,0,0,0
1190309,43,43,88,83,0,0,18,18,3,3,84,84,8,8,12,12,24,24,0,0,0,0,0,0,16,16,0,0,3,3,7,7,0,0,0,0
1190510,60,60,35,35,0,0,0,0,0,0,33,33,10,10,0,0,15,15,0,0,3,3,4,4,11,11,3,3,3,3,13,13,0,0,0,0
1181005,21,21,41,41,0,0,0,0,0,0,14,14,0,0,0,0,4,4,0,0,0,0,0,0,7,7,0,0,0,0,4,4,0,0,0,0
1190306,46,46,84,80,0,0,8,8,6,6,31,31,8,8,8,8,10,10,0,0,0,0,0,0,11,11,0,0,3,3,8,8,0,0,0,0
1190307,74,74,38,38,0,0,0,0,3,3,25,25,3,3,4,4,0,0,0,0,0,0,0,0,6,6,0,0,5,5,15,15,0,0,0,0
1181007,18,18,21,19,0,0,0,0,3,3,15,15,0,0,0,0,0,0,0,0,0,0,0,0,4,4,0,0,4,4,0,0,0,0,0,0
1190304,44,44,70,65,0,0,13,13,4,4,67,67,6,6,3,3,13,13,0,0,5,5,0,0,9,9,0,0,3,3,9,9,4,4,0,0
1190305,43,43,49,41,3,3,9,9,3,3,52,52,5,5,5,5,12,12,0,0,0,0,0,0,12,12,3,3,5,5,9,9,0,0,0,0
1181104,43,43,41,33,0,0,5,5,0,0,11,11,0,0,5,5,4,4,4,4,0,0,0,0,4,4,0,0,0,0,3,3,0,0,0,0
1190405,51,51,25,25,0,0,3,3,0,0,18,18,4,4,3,3,4,4,0,0,5,5,0,0,0,0,3,3,3,3,4,4,0,0,0,0
1181105,33,33,44,40,0,0,0,0,3,3,19,19,0,0,0,0,9,9,0,0,0,0,3,3,4,4,0,0,4,4,5,5,0,0,0,0
1190406,85,85,36,36,0,0,0,0,0,0,29,29,0,0,7,7,5,5,0,0,8,8,0,0,14,14,0,0,4,4,12,12,4,4,0,0
1181106,34,34,53,48,0,0,5,5,0,0,15,15,0,0,4,4,5,5,0,0,0,0,0,0,0,0,0,0,0,0,7,7,0,0,0,0
1190403,41,41,31,31,5,5,3,3,0,0,37,37,5,5,8,8,13,13,3,3,4,4,0,0,9,9,0,0,4,4,12,12,3,3,0,0
1181107,94,94,41,41,0,0,3,3,3,3,6,6,0,0,3,3,6,6,0,0,4,4,0,0,10,10,0,0,0,0,10,10,4,4,0,0
1190404,22,22,26,25,0,0,8,8,0,0,15,15,3,3,3,3,4,4,0,0,0,0,0,0,0,0,0,0,7,7,0,0,0,0,0,0
1190409,117,117,111,109,0,0,11,11,0,0,79,79,0,0,14,14,22,22,0,0,3,3,0,0,19,19,3,3,3,3,16,16,0,0,0,0
1190610,37,37,41,40,0,0,7,7,5,5,12,12,3,3,5,5,9,9,0,0,6,6,6,6,20,20,5,5,3,3,11,11,0,0,0,0
1181101,75,75,54,52,0,0,3,3,0,0,12,12,0,0,0,0,10,10,0,0,0,0,5,5,10,10,0,0,0,0,8,8,3,3,0,0
1190611,98,98,80,74,0,0,7,7,5,5,35,35,6,6,4,4,25,25,0,0,4,4,3,3,21,21,3,3,3,3,14,14,6,6,0,0
1181102,34,34,38,38,0,0,0,0,0,0,8,8,3,3,0,0,5,5,0,0,0,0,0,0,8,8,0,0,0,0,5,5,0,0,0,0
1190407,37,37,72,66,3,3,12,12,5,5,65,65,0,0,12,12,23,23,0,0,3,3,3,3,4,4,0,0,4,4,4,4,0,0,0,0
1181103,31,31,29,27,0,0,3,3,0,0,4,4,0,0,3,3,3,3,0,0,0,0,0,0,5,5,0,0,0,0,0,0,5,5,0,0
1190408,59,59,90,87,0,0,0,0,0,0,41,41,0,0,8,8,19,19,0,0,0,0,0,0,6,6,0,0,0,0,9,9,0,0,0,0
1190604,43,43,36,36,5,5,7,7,4,4,31,31,3,3,7,7,6,6,0,0,0,0,0,0,6,6,0,0,0,0,21,21,5,5,0,0
1190603,106,106,50,47,0,0,0,0,0,0,28,28,0,0,0,0,7,7,0,0,0,0,0,0,14,14,0,0,4,4,12,12,0,0,0,0
1190602,105,105,75,74,0,0,3,3,0,0,53,53,8,8,8,8,12,12,0,0,3,3,0,0,27,27,3,3,0,0,10,10,8,8,0,0
1190601,109,109,65,63,0,0,0,0,0,0,37,37,0,0,0,0,7,7,0,0,0,0,0,0,16,16,0,0,5,5,17,17,5,5,0,0
1190608,36,36,25,24,0,0,8,8,5,5,33,33,5,5,3,3,14,14,0,0,7,7,7,7,69,69,0,0,11,11,17,17,5,5,0,0
1190412,69,69,47,45,0,0,8,8,0,0,21,21,0,0,0,0,11,11,0,0,3,3,0,0,15,15,3,3,0,0,5,5,0,0,0,0
1190607,91,91,39,38,3,3,3,3,0,0,38,38,0,0,3,3,14,14,0,0,4,4,0,0,6,6,3,3,3,3,8,8,3,3,0,0
1190411,64,64,43,43,3,3,3,3,0,0,20,20,3,3,0,0,8,8,0,0,6,6,0,0,3,3,0,0,0,0,9,9,6,6,0,0
1190606,78,78,74,73,3,3,10,10,0,0,33,33,11,11,4,4,15,15,0,0,6,6,0,0,21,21,0,0,7,7,10,10,4,4,0,0
1190410,50,50,39,33,6,6,10,10,6,6,22,22,0,0,0,0,14,14,0,0,8,8,0,0,6,6,0,0,0,0,0,0,0,0,0,0
1190605,90,90,59,59,0,0,0,0,0,0,19,19,9,9,6,6,6,6,0,0,0,0,0,0,15,15,0,0,4,4,9,9,5,5,0,0
1190509,31,31,43,39,0,0,3,3,0,0,23,23,0,0,4,4,12,12,0,0,0,0,0,0,6,6,5,5,0,0,8,8,0,0,0,0
1190508,36,36,44,41,3,3,4,4,3,3,35,35,8,8,13,13,17,17,0,0,0,0,3,3,6,6,0,0,3,3,12,12,3,3,0,0
1190312,37,37,41,41,0,0,7,7,3,3,25,25,4,4,0,0,12,12,0,0,9,9,0,0,12,12,0,0,3,3,11,11,0,0,0,0
1190507,53,53,114,112,0,0,15,15,0,0,104,104,4,4,6,6,21,21,4,4,3,3,3,3,4,4,0,0,0,0,13,13,0,0,0,0
1190311,44,44,51,48,0,0,7,7,3,3,43,43,3,3,8,8,14,14,0,0,0,0,0,0,10,10,5,5,5,5,5,5,0,0,0,0
1190506,18,18,52,48,6,6,15,15,3,3,66,66,0,0,11,11,19,19,0,0,0,0,0,0,12,12,0,0,3,3,3,3,0,0,0,0
1190609,96,96,48,45,0,0,0,0,0,0,32,32,4,4,3,3,11,11,0,0,3,3,0,0,12,12,0,0,5,5,4,4,0,0,0,0
1190310,44,44,44,42,3,3,6,6,0,0,25,25,3,3,3,3,9,9,0,0,0,0,3,3,4,4,0,0,0,0,10,10,3,3,0,0
1190505,44,44,28,26,3,3,6,6,4,4,25,25,3,3,3,3,8,8,0,0,0,0,0,0,7,7,0,0,0,0,8,8,3,3,0,0
1190504,88,88,90,90,0,0,12,12,4,4,67,67,7,7,5,5,20,20,0,0,4,4,4,4,17,17,0,0,3,3,16,16,4,4,0,0
1190503,102,102,61,60,6,6,6,6,10,10,20,20,3,3,0,0,16,16,0,0,5,5,7,7,15,15,0,0,7,7,13,13,3,3,0,0
1190502,68,68,62,62,0,0,3,3,5,5,42,42,4,4,0,0,13,13,0,0,3,3,0,0,13,13,3,3,3,3,5,5,5,5,0,0
1190501,37,37,33,33,0,0,3,3,0,0,14,14,4,4,0,0,8,8,0,0,0,0,3,3,9,9,0,0,3,3,13,13,0,0,0,0
1190402,62,62,76,76,0,0,21,21,0,0,67,67,9,9,6,6,22,22,0,0,3,3,0,0,14,14,5,5,4,4,14,14,5,5,0,0
1190401,79,79,45,44,0,0,5,5,4,4,37,37,5,5,5,5,9,9,0,0,6,6,0,0,21,21,0,0,0,0,15,15,6,6,0,0
1190301,68,68,66,64,4,4,7,7,3,3,66,66,9,9,6,6,21,21,0,0,3,3,3,3,16,16,0,0,8,8,7,7,4,4,0,0
1190303,66,66,62,59,4,4,12,12,0,0,28,28,8,8,9,9,12,12,4,4,3,3,0,0,7,7,0,0,5,5,7,7,6,6,0,0
1190302,68,68,46,46,3,3,3,3,0,0,21,21,0,0,8,8,9,9,0,0,4,4,5,5,3,3,0,0,5,5,4,4,0,0,0,0
1180108,33,33,55,51,0,0,13,13,8,8,54,54,4,4,4,4,9,9,0,0,0,0,5,5,5,5,0,0,0,0,6,6,0,0,0,0
1180107,22,22,28,28,0,0,4,4,0,0,5,5,0,0,0,0,10,10,0,0,0,0,0,0,0,0,0,0,0,0,5,5,3,3,0,0
1180311,21,21,24,24,0,0,0,0,3,3,8,8,3,3,3,3,3,3,0,0,0,0,0,0,7,7,3,3,0,0,0,0,3,3,0,0
1180601,32,32,54,53,0,0,6,6,5,5,24,24,9,9,5,5,9,9,0,0,0,0,0,0,10,10,0,0,3,3,3,3,0,0,0,0
1180310,112,112,98,93,6,6,11,11,0,0,62,62,3,3,11,11,12,12,0,0,5,5,0,0,9,9,0,0,0,0,9,9,5,5,0,0
1180109,21,21,42,37,5,5,17,17,0,0,40,40,11,11,10,10,29,29,0,0,3,3,0,0,13,13,0,0,4,4,3,3,0,0,0,0
1180313,37,37,41,40,0,0,8,8,0,0,15,15,0,0,3,3,9,9,0,0,0,0,5,5,0,0,0,0,3,3,3,3,0,0,0,0
1180312,17,17,24,24,0,0,0,0,0,0,8,8,0,0,0,0,0,0,0,0,0,0,0,0,0,0,0,0,3,3,0,0,0,0,0,0
1180314,16,16,37,32,0,0,3,3,0,0,20,20,6,6,11,11,8,8,0,0,0,0,0,0,0,0,0,0,0,0,0,0,0,0,0,0
1180412,14,14,51,45,4,4,11,11,6,6,74,74,4,4,8,8,17,17,0,0,0,0,0,0,5,5,5,5,0,0,0,0,0,0,0,0
1180411,21,21,45,43,3,3,12,12,0,0,27,27,0,0,10,10,8,8,0,0,3,3,0,0,4,4,0,0,4,4,0,0,3,3,0,0
1180414,10,10,24,18,0,0,4,4,0,0,6,6,5,5,0,0,0,0,0,0,0,0,5,5,0,0,0,0,0,0,0,0,0,0,0,0
1180413,12,12,29,25,5,5,11,11,0,0,27,27,0,0,0,0,11,11,0,0,0,0,0,0,4,4,0,0,0,0,4,4,0,0,0,0
1180207,60,60,93,88,5,5,5,5,4,4,35,35,4,4,18,18,18,18,0,0,0,0,0,0,8,8,0,0,0,0,13,13,3,3,0,0
1180206,60,60,76,74,0,0,6,6,3,3,36,36,0,0,6,6,18,18,0,0,0,0,4,4,3,3,0,0,0,0,9,9,0,0,0,0
1180410,24,24,72,72,0,0,12,12,4,4,43,43,5,5,6,6,20,20,0,0,3,3,3,3,8,8,0,0,3,3,6,6,0,0,0,0
1180209,59,59,89,80,0,0,8,8,0,0,33,33,4,4,10,10,13,13,0,0,7,7,0,0,12,12,3,3,5,5,7,7,0,0,0,0
1180502,59,59,48,45,0,0,8,8,3,3,19,19,0,0,9,9,5,5,0,0,0,0,0,0,9,9,0,0,4,4,5,5,0,0,0,0
1180208,38,38,61,61,0,0,8,8,5,5,26,26,5,5,12,12,11,11,0,0,5,5,0,0,12,12,0,0,3,3,7,7,0,0,0,0
1180501,25,25,44,38,0,0,8,8,0,0,20,20,4,4,4,4,9,9,0,0,0,0,0,0,0,0,0,0,0,0,6,6,0,0,0,0
1180408,29,29,54,47,0,0,8,8,6,6,36,36,0,0,0,0,13,13,0,0,0,0,0,0,0,0,0,0,0,0,4,4,0,0,0,0
1180409,15,15,34,30,0,0,8,8,0,0,12,12,3,3,3,3,3,3,0,0,0,0,0,0,3,3,0,0,0,0,3,3,0,0,0,0
1180404,25,25,42,41,0,0,7,7,3,3,12,12,0,0,6,6,9,9,0,0,3,3,3,3,0,0,0,0,0,0,0,0,0,0,0,0
1182501,116,116,110,104,0,0,10,10,5,5,31,31,8,8,4,4,17,17,0,0,5,5,0,0,25,25,4,4,7,7,15,15,6,6,0,0
1180405,28,28,53,51,3,3,9,9,3,3,21,21,0,0,3,3,5,5,0,0,3,3,0,0,3,3,0,0,3,3,3,3,0,0,0,0
1180210,46,46,45,43,0,0,0,0,0,0,0,0,3,3,4,4,3,3,0,0,0,0,0,0,9,9,0,0,0,0,4,4,5,5,0,0
1182502,51,51,49,49,5,5,4,4,0,0,13,13,0,0,4,4,5,5,0,0,0,0,3,3,10,10,0,0,3,3,3,3,0,0,0,0
1180406,20,20,39,34,0,0,6,6,6,6,21,21,0,0,0,0,17,17,0,0,3,3,0,0,14,14,4,4,0,0,5,5,0,0,0,0
1180211,41,41,81,80,0,0,8,8,6,6,64,64,4,4,8,8,23,23,0,0,3,3,3,3,11,11,0,0,3,3,5,5,0,0,0,0
1182503,58,58,68,62,0,0,3,3,3,3,22,22,0,0,0,0,6,6,0,0,3,3,5,5,18,18,0,0,3,3,9,9,0,0,0,0
1182504,79,79,86,84,3,3,5,5,7,7,17,17,3,3,7,7,8,8,3,3,4,4,0,0,15,15,0,0,5,5,7,7,0,0,0,0
1180305,20,20,37,33,0,0,7,7,0,0,17,17,7,7,4,4,6,6,0,0,0,0,0,0,0,0,0,0,0,0,0,0,5,5,0,0
1180110,24,24,68,63,0,0,25,25,7,7,58,58,15,15,13,13,19,19,0,0,0,0,0,0,11,11,0,0,4,4,6,6,0,0,0,0
1180306,17,17,29,29,0,0,3,3,3,3,15,15,4,4,10,10,6,6,0,0,0,0,0,0,4,4,0,0,0,0,0,0,4,4,0,0
1180307,46,46,42,37,0,0,0,0,0,0,15,15,0,0,7,7,8,8,0,0,0,0,0,0,12,12,0,0,0,0,6,6,0,0,0,0
1180308,30,30,34,32,4,4,8,8,0,0,29,29,0,0,12,12,14,14,0,0,8,8,0,0,0,0,0,0,0,0,7,7,0,0,0,0
1180309,63,63,52,48,3,3,20,20,6,6,45,45,7,7,3,3,19,19,0,0,7,7,0,0,7,7,0,0,3,3,9,9,0,0,0,0
1180612,94,94,28,28,0,0,3,3,5,5,9,9,0,0,0,0,7,7,0,0,0,0,0,0,7,7,0,0,0,0,9,9,0,0,0,0
1180807,38,38,36,36,0,0,0,0,0,0,14,14,0,0,0,0,6,6,0,0,0,0,0,0,11,11,0,0,0,0,4,4,4,4,0,0
1180611,51,51,60,59,3,3,12,12,3,3,60,60,4,4,4,4,7,7,0,0,5,5,0,0,18,18,0,0,7,7,4,4,3,3,0,0
1180806,55,55,74,69,0,0,3,3,0,0,9,9,0,0,0,0,4,4,0,0,0,0,0,0,0,0,0,0,0,0,6,6,3,3,0,0
1180610,37,37,54,49,0,0,4,4,6,6,49,49,0,0,10,10,10,10,0,0,5,5,0,0,10,10,0,0,3,3,4,4,3,3,0,0
1180805,82,82,99,98,0,0,5,5,0,0,25,25,0,0,0,0,13,13,0,0,0,0,0,0,11,11,0,0,0,0,0,0,0,0,0,0
1180709,68,68,72,68,3,3,7,7,3,3,35,35,0,0,4,4,11,11,4,4,0,0,5,5,27,27,0,0,0,0,6,6,3,3,0,0
1180804,17,17,31,31,0,0,3,3,5,5,20,20,0,0,0,0,7,7,0,0,0,0,0,0,7,7,0,0,0,0,5,5,3,3,0,0
1180304,15,15,41,41,0,0,0,0,0,0,21,21,0,0,0,0,11,11,0,0,0,0,0,0,3,3,0,0,0,0,7,7,0,0,0,0
1180803,158,158,128,127,0,0,4,4,4,4,50,50,4,4,6,6,8,8,0,0,4,4,0,0,15,15,3,3,4,4,8,8,6,6,0,0
1181110,20,20,48,48,0,0,4,4,3,3,16,16,0,0,6,6,8,8,0,0,0,0,0,0,5,5,0,0,0,0,5,5,0,0,0,0
1180303,51,51,94,94,0,0,21,21,3,3,67,67,6,6,14,14,26,26,3,3,8,8,3,3,10,10,0,0,0,0,11,11,4,4,0,0
1180802,42,42,71,69,0,0,7,7,0,0,16,16,4,4,6,6,14,14,0,0,0,0,0,0,8,8,0,0,0,0,5,5,0,0,0,0
1180302,53,53,77,75,5,5,27,27,6,6,60,60,8,8,8,8,19,19,0,0,0,0,0,0,16,16,0,0,4,4,8,8,0,0,0,0
1180801,25,25,67,63,0,0,8,8,0,0,32,32,0,0,7,7,13,13,0,0,0,0,0,0,9,9,0,0,0,0,0,0,0,0,0,0
1180301,25,25,55,49,0,0,6,6,3,3,23,23,8,8,3,3,18,18,0,0,0,0,0,0,4,4,0,0,0,0,0,0,0,0,0,0
1180403,44,44,43,41,0,0,7,7,0,0,12,12,0,0,0,0,3,3,3,3,3,3,0,0,4,4,4,4,0,0,0,0,3,3,0,0
1180704,29,29,13,13,0,0,0,0,0,0,6,6,0,0,0,0,7,7,0,0,3,3,0,0,3,3,0,0,0,0,7,7,0,0,0,0
1182508,24,24,43,43,3,3,3,3,4,4,16,16,0,0,5,5,6,6,0,0,0,0,0,0,5,5,0,0,6,6,8,8,0,0,0,0
1180402,40,40,57,51,3,3,8,8,0,0,24,24,0,0,4,4,10,10,0,0,0,0,6,6,0,0,0,0,0,0,0,0,0,0,0,0
1180703,64,64,44,41,0,0,5,5,0,0,9,9,0,0,3,3,3,3,0,0,3,3,0,0,3,3,0,0,0,0,8,8,0,0,0,0
1182507,64,64,60,57,3,3,3,3,3,3,20,20,0,0,3,3,12,12,3,3,3,3,0,0,10,10,0,0,0,0,9,9,3,3,0,0
1181111,59,59,36,33,0,0,3,3,0,0,18,18,0,0,0,0,9,9,0,0,0,0,4,4,7,7,0,0,3,3,7,7,0,0,0,0
1180401,39,39,119,113,11,11,24,24,7,7,127,127,8,8,12,12,17,17,0,0,9,9,0,0,9,9,3,3,0,0,9,9,3,3,0,0
1180702,177,177,81,75,0,0,3,3,5,5,21,21,3,3,3,3,6,6,0,0,0,0,0,0,22,22,0,0,0,0,12,12,0,0,0,0
1182506,100,100,72,68,0,0,5,5,0,0,18,18,3,3,3,3,8,8,0,0,6,6,0,0,14,14,0,0,0,0,11,11,3,3,0,0
1180701,71,71,123,109,0,0,10,10,6,6,139,139,5,5,6,6,18,18,0,0,4,4,6,6,33,33,0,0,3,3,11,11,6,6,0,0
1182505,64,64,26,25,0,0,5,5,0,0,9,9,0,0,0,0,0,0,0,0,0,0,0,0,5,5,0,0,0,0,10,10,0,0,0,0
1180513,86,86,88,84,0,0,7,7,0,0,22,22,0,0,4,4,10,10,0,0,0,0,0,0,0,0,0,0,0,0,8,8,4,4,0,0
1180708,90,90,54,54,0,0,3,3,4,4,26,26,0,0,3,3,5,5,0,0,0,0,7,7,42,42,0,0,0,0,18,18,0,0,0,0
1180512,65,65,108,101,0,0,12,12,0,0,22,22,5,5,10,10,20,20,0,0,3,3,0,0,14,14,0,0,3,3,3,3,0,0,0,0
1180707,70,70,57,54,3,3,7,7,0,0,19,19,3,3,3,3,3,3,0,0,7,7,6,6,27,27,0,0,6,6,20,20,0,0,0,0
1180511,16,16,32,28,0,0,0,0,6,6,10,10,5,5,0,0,5,5,0,0,0,0,0,0,0,0,0,0,0,0,3,3,0,0,0,0
1180706,127,127,52,52,0,0,3,3,0,0,24,24,0,0,0,0,7,7,0,0,0,0,4,4,16,16,0,0,4,4,7,7,3,3,0,0
1180809,30,30,73,64,3,3,17,17,3,3,36,36,3,3,14,14,9,9,0,0,0,0,0,0,9,9,0,0,0,0,5,5,0,0,0,0
1180705,95,95,97,96,5,5,7,7,0,0,30,30,3,3,3,3,15,15,0,0,6,6,3,3,23,23,0,0,3,3,17,17,0,0,0,0
1180808,140,140,86,86,0,0,5,5,0,0,12,12,0,0,3,3,0,0,0,0,0,0,0,0,13,13,0,0,3,3,3,3,0,0,0,0
1182509,61,61,97,95,0,0,4,4,3,3,19,19,3,3,0,0,6,6,3,3,3,3,0,0,14,14,0,0,4,4,7,7,0,0,0,0
1180204,73,73,41,40,0,0,4,4,0,0,16,16,0,0,7,7,9,9,0,0,9,9,0,0,4,4,0,0,0,0,7,7,0,0,0,0
1180505,30,30,97,89,0,0,10,10,4,4,81,81,3,3,4,4,14,14,0,0,0,0,0,0,9,9,4,4,0,0,6,6,4,4,0,0
1182510,68,68,175,167,3,3,35,35,4,4,116,116,5,5,9,9,16,16,0,0,3,3,4,4,24,24,0,0,3,3,14,14,3,3,0,0
1180205,67,67,98,96,0,0,14,14,0,0,54,54,6,6,5,5,20,20,0,0,0,0,0,0,12,12,0,0,0,0,8,8,3,3,0,0
1180506,50,50,79,75,0,0,11,11,0,0,32,32,6,6,0,0,15,15,0,0,0,0,3,3,3,3,0,0,0,0,4,4,0,0,0,0
1181109,44,44,82,82,0,0,11,11,3,3,26,26,0,0,7,7,9,9,0,0,3,3,0,0,4,4,0,0,5,5,0,0,0,0,0,0
1180202,63,63,49,48,0,0,4,4,3,3,7,7,0,0,7,7,0,0,0,0,0,0,0,0,6,6,0,0,4,4,6,6,0,0,0,0
1180503,77,77,76,74,3,3,6,6,0,0,32,32,3,3,8,8,9,9,0,0,0,0,0,0,9,9,3,3,4,4,7,7,0,0,0,0
1181108,26,26,39,39,0,0,0,0,3,3,6,6,3,3,0,0,3,3,0,0,0,0,0,0,3,3,0,0,0,0,3,3,0,0,0,0
1180203,152,152,96,92,3,3,5,5,7,7,29,29,7,7,6,6,17,17,0,0,6,6,0,0,7,7,3,3,5,5,8,8,3,3,0,0
1180504,17,17,53,53,0,0,8,8,0,0,21,21,3,3,3,3,7,7,0,0,3,3,0,0,3,3,0,0,0,0,3,3,0,0,0,0
1180509,78,78,83,82,0,0,0,0,5,5,33,33,3,3,4,4,17,17,0,0,0,0,0,0,28,28,0,0,0,0,11,11,5,5,0,0
1180710,42,42,38,35,0,0,0,0,0,0,9,9,4,4,5,5,4,4,0,0,0,0,0,0,7,7,0,0,0,0,8,8,0,0,0,0
1180201,96,96,78,76,3,3,8,8,3,3,18,18,5,5,3,3,8,8,0,0,0,0,0,0,16,16,0,0,0,0,12,12,3,3,0,0
1180711,28,28,71,70,4,4,5,5,4,4,22,22,0,0,7,7,10,10,0,0,4,4,0,0,14,14,0,0,0,0,6,6,5,5,0,0
1190612,89,89,35,33,4,4,4,4,5,5,17,17,3,3,0,0,3,3,0,0,3,3,5,5,36,36,5,5,6,6,19,19,3,3,0,0
1180507,120,120,79,77,0,0,10,10,0,0,37,37,0,0,10,10,21,21,4,4,3,3,3,3,13,13,0,0,3,3,9,9,3,3,0,0
1180508,26,26,67,67,6,6,6,6,0,0,22,22,0,0,9,9,9,9,0,0,0,0,0,0,6,6,0,0,0,0,3,3,0,0,0,0
1180101,51,51,69,62,3,3,3,3,3,3,32,32,4,4,9,9,12,12,0,0,0,0,0,0,14,14,0,0,0,0,10,10,0,0,0,0
1180608,42,42,52,47,4,4,11,11,3,3,41,41,5,5,0,0,13,13,3,3,3,3,0,0,13,13,0,0,0,0,5,5,6,6,0,0
1180810,38,38,45,41,0,0,3,3,0,0,13,13,6,6,0,0,0,0,0,0,0,0,0,0,0,0,3,3,3,3,7,7,0,0,0,0
1180102,39,39,52,51,5,5,6,6,0,0,25,25,7,7,12,12,21,21,0,0,4,4,0,0,5,5,0,0,0,0,9,9,5,5,0,0
1180609,58,58,52,47,4,4,4,4,0,0,28,28,0,0,3,3,11,11,0,0,0,0,4,4,7,7,0,0,6,6,12,12,0,0,0,0
1180606,99,99,51,49,0,0,3,3,0,0,16,16,0,0,4,4,14,14,0,0,6,6,0,0,12,12,0,0,8,8,8,8,4,4,0,0
1180607,123,123,51,47,0,0,4,4,4,4,21,21,0,0,0,0,7,7,0,0,4,4,3,3,15,15,0,0,5,5,11,11,7,7,0,0
1180105,64,64,102,99,0,0,9,9,0,0,23,23,5,5,17,17,10,10,0,0,3,3,0,0,15,15,0,0,4,4,6,6,5,5,0,0
1180604,103,103,57,57,0,0,6,6,0,0,28,28,5,5,4,4,7,7,5,5,0,0,0,0,14,14,0,0,3,3,12,12,0,0,0,0
1180106,39,39,67,65,3,3,17,17,0,0,46,46,13,13,8,8,13,13,0,0,0,0,0,0,21,21,3,3,3,3,4,4,0,0,0,0
1180605,104,104,75,70,0,0,4,4,7,7,53,53,3,3,3,3,7,7,0,0,0,0,0,0,14,14,0,0,5,5,10,10,4,4,0,0
1180103,35,35,70,61,5,5,9,9,0,0,36,36,6,6,23,23,11,11,0,0,3,3,3,3,8,8,0,0,4,4,5,5,3,3,0,0
1180602,63,63,77,69,3,3,3,3,4,4,29,29,3,3,3,3,18,18,0,0,0,0,0,0,14,14,0,0,5,5,7,7,0,0,0,0
1180104,44,44,72,67,3,3,16,16,3,3,44,44,6,6,10,10,28,28,0,0,0,0,0,0,9,9,0,0,3,3,4,4,3,3,0,0
1180603,28,28,37,36,0,0,7,7,0,0,13,13,0,0,5,5,6,6,0,0,5,5,0,0,4,4,0,0,0,0,7,7,0,0,0,0
1191509,61,61,67,67,5,5,24,24,0,0,64,64,13,13,16,16,24,24,3,3,0,0,0,0,4,4,0,0,7,7,10,10,4,4,0,0
1191507,32,32,67,61,8,8,30,30,10,10,145,145,15,15,14,14,16,16,0,0,4,4,5,5,11,11,0,0,4,4,4,4,3,3,0,0
1191508,6,6,21,19,0,0,14,14,0,0,15,15,3,3,10,10,9,9,0,0,0,0,0,0,3,3,0,0,0,0,4,4,0,0,0,0
1191505,49,49,81,75,4,4,22,22,0,0,69,69,12,12,14,14,18,18,0,0,6,6,0,0,8,8,0,0,4,4,5,5,0,0,0,0
1180712,51,51,103,94,3,3,13,13,8,8,80,80,5,5,3,3,18,18,0,0,7,7,4,4,15,15,4,4,5,5,8,8,0,0,0,0
1191506,17,17,26,25,0,0,11,11,5,5,40,40,7,7,11,11,10,10,0,0,0,0,0,0,0,0,4,4,3,3,0,0,0,0,0,0
1180713,31,31,77,68,0,0,9,9,5,5,99,99,0,0,4,4,8,8,0,0,4,4,0,0,13,13,0,0,0,0,6,6,0,0,0,0
1191503,15,15,14,9,0,0,5,5,0,0,12,12,0,0,4,4,0,0,0,0,0,0,0,0,0,0,3,3,0,0,3,3,0,0,0,0
1180714,71,71,27,27,0,0,0,0,5,5,31,31,0,0,0,0,7,7,4,4,9,9,5,5,71,71,0,0,5,5,23,23,0,0,0,0
1191504,16,16,62,53,8,8,21,21,4,4,66,66,15,15,21,21,19,19,0,0,3,3,0,0,5,5,0,0,5,5,6,6,3,3,0,0
1191909,52,52,59,55,3,3,3,3,0,0,23,23,0,0,4,4,21,21,0,0,0,0,4,4,6,6,0,0,0,0,10,10,0,0,0,0
1191908,79,79,77,77,0,0,4,4,0,0,35,35,5,5,6,6,22,22,3,3,0,0,3,3,20,20,3,3,3,3,23,23,8,8,0,0
1191907,72,72,63,63,0,0,5,5,3,3,29,29,0,0,0,0,27,27,0,0,4,4,0,0,10,10,0,0,0,0,16,16,4,4,0,0
1192501,21,21,53,52,4,4,6,6,4,4,28,28,10,10,3,3,30,30,0,0,3,3,3,3,9,9,0,0,3,3,0,0,0,0,0,0
1192502,28,28,76,71,0,0,10,10,0,0,37,37,4,4,3,3,19,19,0,0,0,0,4,4,10,10,3,3,0,0,11,11,0,0,0,0
1192503,40,40,84,79,0,0,3,3,6,6,30,30,8,8,7,7,28,28,0,0,3,3,3,3,6,6,0,0,0,0,4,4,3,3,0,0
1191902,44,44,96,95,3,3,0,0,5,5,31,31,5,5,6,6,49,49,0,0,0,0,0,0,10,10,0,0,0,0,17,17,0,0,0,0
1191901,39,39,70,65,0,0,3,3,4,4,18,18,4,4,0,0,14,14,3,3,0,0,0,0,9,9,0,0,0,0,11,11,3,3,0,0
1191510,29,29,58,57,0,0,22,22,5,5,41,41,5,5,9,9,22,22,0,0,0,0,3,3,12,12,3,3,0,0,4,4,4,4,0,0
1191906,40,40,33,31,0,0,8,8,0,0,20,20,0,0,0,0,28,28,0,0,3,3,4,4,6,6,0,0,0,0,12,12,4,4,0,0
1191905,144,144,31,30,0,0,0,0,5,5,10,10,0,0,0,0,9,9,0,0,0,0,3,3,20,20,3,3,3,3,12,12,3,3,0,0
1191904,97,97,42,42,0,0,0,0,0,0,14,14,0,0,0,0,13,13,0,0,4,4,4,4,17,17,0,0,6,6,14,14,7,7,0,0
1191903,68,68,84,83,0,0,6,6,0,0,41,41,7,7,5,5,37,37,0,0,0,0,0,0,17,17,0,0,0,0,16,16,5,5,0,0
1192507,62,62,73,73,0,0,5,5,10,10,43,43,0,0,4,4,22,22,3,3,0,0,9,9,23,23,3,3,3,3,14,14,4,4,0,0
1191114,93,93,47,46,0,0,3,3,5,5,17,17,3,3,5,5,3,3,0,0,3,3,3,3,8,8,0,0,5,5,10,10,0,0,0,0
1192506,28,28,69,69,0,0,10,10,6,6,25,25,5,5,8,8,27,27,0,0,3,3,3,3,7,7,0,0,5,5,8,8,0,0,0,0
1192505,37,37,38,38,0,0,9,9,0,0,38,38,3,3,4,4,21,21,4,4,3,3,4,4,19,19,0,0,5,5,10,10,0,0,0,0
1192504,30,30,85,80,6,6,6,6,6,6,31,31,9,9,6,6,27,27,0,0,0,0,3,3,5,5,0,0,0,0,13,13,0,0,0,0
1191110,87,87,48,48,0,0,4,4,0,0,22,22,5,5,0,0,6,6,0,0,3,3,0,0,8,8,5,5,0,0,3,3,5,5,0,0
1191111,171,171,37,36,0,0,0,0,6,6,15,15,0,0,5,5,4,4,3,3,0,0,0,0,3,3,0,0,0,0,13,13,3,3,0,0
1192509,52,52,105,101,6,6,5,5,0,0,44,44,13,13,13,13,43,43,3,3,3,3,0,0,12,12,0,0,4,4,11,11,0,0,0,0
1191112,82,82,49,47,0,0,8,8,0,0,31,31,0,0,0,0,11,11,0,0,0,0,0,0,0,0,0,0,0,0,11,11,3,3,0,0
1192508,33,33,43,37,0,0,3,3,4,4,19,19,0,0,3,3,31,31,0,0,0,0,5,5,13,13,0,0,0,0,10,10,3,3,0,0
1191113,107,107,34,34,0,0,0,0,0,0,26,26,0,0,4,4,4,4,0,0,4,4,4,4,0,0,3,3,0,0,10,10,9,9,0,0
1192510,26,26,44,44,3,3,7,7,7,7,38,38,5,5,6,6,25,25,0,0,0,0,4,4,5,5,0,0,0,0,5,5,3,3,0,0
1191108,140,140,67,64,0,0,3,3,0,0,14,14,3,3,3,3,5,5,0,0,0,0,0,0,11,11,4,4,0,0,3,3,4,4,0,0
1191107,109,109,42,42,0,0,0,0,0,0,31,31,3,3,3,3,10,10,0,0,4,4,0,0,12,12,0,0,8,8,6,6,9,9,0,0
1192511,62,62,98,98,0,0,12,12,0,0,45,45,7,7,11,11,45,45,0,0,0,0,0,0,24,24,0,0,0,0,20,20,4,4,0,0
1191109,42,42,19,19,0,0,3,3,0,0,4,4,0,0,0,0,5,5,0,0,0,0,0,0,3,3,0,0,0,0,5,5,0,0,0,0
1191911,76,76,59,59,4,4,4,4,3,3,37,37,7,7,0,0,11,11,0,0,7,7,10,10,60,60,4,4,5,5,21,21,4,4,0,0
1191910,60,60,22,21,0,0,4,4,0,0,10,10,0,0,0,0,3,3,0,0,0,0,3,3,8,8,0,0,0,0,7,7,0,0,0,0
1191006,84,84,34,32,3,3,3,3,0,0,24,24,3,3,0,0,5,5,3,3,3,3,3,3,11,11,0,0,0,0,6,6,0,0,0,0
1191007,86,86,69,66,7,7,6,6,0,0,38,38,5,5,17,17,11,11,0,0,0,0,0,0,0,0,5,5,4,4,10,10,5,5,0,0
1191004,72,72,67,67,4,4,11,11,0,0,35,35,7,7,5,5,14,14,0,0,3,3,0,0,11,11,0,0,0,0,15,15,9,9,0,0
1191005,26,26,49,49,0,0,4,4,0,0,35,35,3,3,0,0,14,14,0,0,0,0,0,0,6,6,0,0,0,0,13,13,3,3,0,0
1191002,39,39,88,82,0,0,12,12,0,0,43,43,6,6,12,12,24,24,0,0,0,0,0,0,9,9,4,4,3,3,12,12,0,0,0,0
1191003,111,111,92,87,3,3,6,6,3,3,40,40,4,4,0,0,10,10,0,0,0,0,0,0,11,11,0,0,5,5,15,15,0,0,0,0
1191001,46,46,81,74,0,0,11,11,6,6,49,49,5,5,13,13,24,24,0,0,0,0,5,5,5,5,0,0,0,0,13,13,0,0,0,0
1182402,53,53,62,57,0,0,7,7,3,3,28,28,0,0,3,3,8,8,0,0,0,0,0,0,9,9,0,0,0,0,9,9,0,0,0,0
1191101,150,150,34,32,3,3,0,0,0,0,10,10,0,0,3,3,3,3,0,0,0,0,0,0,8,8,3,3,4,4,5,5,3,3,0,0
1182403,70,70,50,43,0,0,3,3,0,0,19,19,0,0,0,0,7,7,0,0,3,3,0,0,10,10,0,0,4,4,4,4,0,0,0,0
1191102,39,39,54,49,0,0,11,11,3,3,39,39,3,3,3,3,10,10,0,0,0,0,0,0,10,10,0,0,0,0,13,13,0,0,0,0
1182404,46,46,68,62,0,0,12,12,9,9,43,43,0,0,7,7,14,14,0,0,7,7,0,0,6,6,5,5,0,0,4,4,0,0,0,0
1182405,97,97,51,49,0,0,4,4,5,5,22,22,0,0,0,0,11,11,0,0,0,0,3,3,15,15,0,0,3,3,3,3,3,3,0,0
1191105,111,111,42,40,0,0,3,3,0,0,20,20,0,0,3,3,4,4,0,0,3,3,0,0,6,6,0,0,0,0,3,3,3,3,0,0
1191106,91,91,44,44,0,0,5,5,3,3,30,30,6,6,0,0,14,14,0,0,3,3,0,0,9,9,0,0,0,0,8,8,3,3,0,0
1191103,67,67,23,23,0,0,3,3,0,0,11,11,0,0,0,0,5,5,0,0,0,0,0,0,20,20,0,0,3,3,9,9,0,0,0,0
1192009,89,89,83,79,0,0,6,6,5,5,34,34,4,4,5,5,14,14,0,0,3,3,3,3,15,15,3,3,0,0,12,12,4,4,0,0
1182401,95,95,77,75,4,4,7,7,10,10,37,37,0,0,6,6,9,9,3,3,9,9,3,3,41,41,3,3,8,8,25,25,0,0,0,0
1191104,90,90,50,44,0,0,5,5,0,0,35,35,3,3,3,3,14,14,0,0,3,3,0,0,3,3,0,0,3,3,4,4,3,3,0,0
1192012,125,125,97,97,0,0,0,0,3,3,3,3,0,0,0,0,3,3,0,0,0,0,0,0,3,3,0,0,0,0,7,7,0,0,0,0
1192013,148,148,40,37,0,0,3,3,3,3,16,16,0,0,5,5,4,4,0,0,0,0,3,3,16,16,0,0,0,0,18,18,0,0,0,0
1192010,65,65,59,56,3,3,10,10,3,3,47,47,6,6,5,5,34,34,0,0,0,0,0,0,18,18,6,6,5,5,4,4,0,0,0,0
1192011,161,161,132,126,0,0,8,8,3,3,52,52,7,7,10,10,19,19,0,0,4,4,0,0,9,9,3,3,3,3,16,16,5,5,0,0
1181011,54,54,108,101,5,5,14,14,5,5,76,76,0,0,6,6,10,10,0,0,0,0,0,0,26,26,8,8,0,0,0,0,7,7,0,0
1181010,11,11,59,52,6,6,6,6,4,4,43,43,6,6,5,5,13,13,0,0,0,0,0,0,3,3,0,0,0,0,4,4,0,0,0,0
1182411,59,59,123,115,4,4,20,20,3,3,77,77,4,4,17,17,23,23,0,0,5,5,0,0,29,29,5,5,3,3,6,6,0,0,0,0
1181209,33,33,34,32,0,0,6,6,0,0,14,14,0,0,3,3,6,6,0,0,3,3,0,0,11,11,0,0,0,0,3,3,3,3,0,0
1182412,84,84,31,29,5,5,5,5,0,0,15,15,3,3,0,0,5,5,0,0,3,3,0,0,7,7,4,4,3,3,6,6,0,0,0,0
1181208,56,56,34,34,0,0,5,5,0,0,8,8,0,0,0,0,5,5,0,0,0,0,0,0,7,7,0,0,0,0,5,5,0,0,0,0
1181207,55,55,48,40,0,0,3,3,0,0,14,14,0,0,5,5,4,4,0,0,5,5,0,0,11,11,0,0,0,0,11,11,0,0,0,0
1181012,50,50,84,77,3,3,11,11,3,3,19,19,5,5,6,6,9,9,0,0,0,0,5,5,10,10,0,0,0,0,7,7,0,0,0,0
1182410,69,69,41,37,6,6,3,3,0,0,20,20,0,0,0,0,7,7,0,0,0,0,0,0,24,24,3,3,3,3,5,5,0,0,0,0
1192005,23,23,16,14,0,0,7,7,0,0,12,12,0,0,0,0,9,9,0,0,0,0,4,4,3,3,0,0,0,0,3,3,0,0,0,0
1191401,80,80,40,35,0,0,6,6,0,0,23,23,0,0,6,6,9,9,0,0,0,0,0,0,3,3,0,0,0,0,6,6,3,3,0,0
1190513,64,64,25,25,0,0,6,6,0,0,15,15,6,6,0,0,0,0,0,0,3,3,0,0,12,12,3,3,0,0,0,0,0,0,0,0
1192006,49,49,37,35,3,3,6,6,0,0,14,14,0,0,6,6,15,15,0,0,0,0,0,0,14,14,0,0,4,4,6,6,0,0,0,0
1190514,75,75,29,29,0,0,8,8,0,0,23,23,3,3,3,3,14,14,0,0,0,0,7,7,7,7,0,0,3,3,11,11,3,3,0,0
1192007,52,52,51,50,9,9,3,3,5,5,7,7,4,4,3,3,12,12,0,0,0,0,0,0,8,8,0,0,3,3,6,6,4,4,0,0
1191403,150,150,93,87,3,3,4,4,3,3,50,50,3,3,10,10,15,15,0,0,5,5,3,3,17,17,0,0,10,10,12,12,3,3,0,0
1190515,28,28,47,44,0,0,10,10,5,5,57,57,6,6,7,7,8,8,0,0,4,4,0,0,6,6,0,0,0,0,11,11,0,0,0,0
1192008,35,35,40,33,0,0,3,3,3,3,26,26,0,0,0,0,3,3,0,0,0,0,5,5,10,10,0,0,0,0,0,0,0,0,0,0
1191402,33,33,43,35,4,4,12,12,0,0,35,35,6,6,11,11,21,21,0,0,0,0,0,0,6,6,3,3,3,3,5,5,0,0,0,0
1192001,76,76,60,53,5,5,9,9,0,0,22,22,3,3,3,3,17,17,0,0,4,4,0,0,5,5,0,0,0,0,15,15,3,3,0,0
1181212,35,35,43,43,0,0,3,3,3,3,9,9,0,0,3,3,9,9,0,0,0,0,0,0,7,7,0,0,0,0,0,0,0,0,0,0
1182409,79,79,86,77,0,0,12,12,0,0,36,36,4,4,6,6,14,14,0,0,0,0,0,0,12,12,0,0,5,5,3,3,0,0,0,0
1192002,43,43,52,49,0,0,3,3,0,0,19,19,3,3,6,6,19,19,0,0,5,5,0,0,8,8,0,0,0,0,16,16,3,3,0,0
1181213,46,46,52,52,0,0,0,0,0,0,19,19,0,0,0,0,0,0,0,0,3,3,0,0,12,12,0,0,3,3,8,8,0,0,0,0
1182408,51,51,41,37,0,0,3,3,0,0,25,25,0,0,7,7,3,3,0,0,3,3,4,4,25,25,0,0,0,0,11,11,0,0,0,0
1192003,59,59,53,51,0,0,0,0,0,0,30,30,5,5,0,0,21,21,0,0,0,0,0,0,15,15,4,4,0,0,8,8,0,0,0,0
1181210,79,79,92,92,0,0,3,3,3,3,31,31,5,5,7,7,9,9,0,0,4,4,0,0,23,23,0,0,5,5,14,14,4,4,0,0
1181009,15,15,25,22,0,0,8,8,0,0,21,21,0,0,7,7,7,7,0,0,0,0,0,0,6,6,0,0,0,0,5,5,3,3,0,0
1182407,78,78,100,88,3,3,10,10,5,5,53,53,0,0,9,9,18,18,0,0,0,0,7,7,8,8,0,0,3,3,13,13,0,0,0,0
1192004,34,34,14,13,0,0,0,0,0,0,7,7,0,0,0,0,8,8,0,0,0,0,0,0,0,0,0,0,0,0,5,5,0,0,0,0
1181211,62,62,61,57,3,3,9,9,3,3,24,24,0,0,0,0,4,4,0,0,0,0,0,0,27,27,0,0,3,3,5,5,3,3,0,0
1182406,43,43,53,50,0,0,13,13,0,0,37,37,5,5,4,4,3,3,0,0,0,0,0,0,9,9,0,0,3,3,7,7,3,3,0,0
1191502,11,11,43,40,5,5,16,16,4,4,39,39,8,8,12,12,23,23,0,0,0,0,0,0,0,0,0,0,0,0,7,7,0,0,0,0
1191501,14,14,68,66,6,6,38,38,4,4,132,132,15,15,25,25,37,37,0,0,0,0,6,6,8,8,0,0,0,0,0,0,4,4,0,0
1192602,52,52,40,40,0,0,5,5,0,0,28,28,5,5,4,4,15,15,0,0,4,4,0,0,16,16,0,0,0,0,12,12,0,0,0,0
1192601,71,71,45,45,0,0,0,0,0,0,22,22,0,0,0,0,0,0,0,0,0,0,0,0,11,11,0,0,0,0,7,7,0,0,0,0
1192415,28,28,106,95,6,6,34,34,8,8,195,195,21,21,17,17,55,55,0,0,5,5,0,0,20,20,0,0,0,0,20,20,0,0,0,0
1191206,124,124,36,32,0,0,3,3,0,0,11,11,5,5,0,0,3,3,0,0,0,0,0,0,3,3,0,0,3,3,4,4,4,4,0,0
1192414,17,17,20,18,0,0,4,4,3,3,13,13,3,3,0,0,11,11,0,0,3,3,3,3,15,15,3,3,8,8,10,10,3,3,0,0
1191207,136,136,42,40,0,0,0,0,0,0,15,15,0,0,10,10,0,0,0,0,0,0,0,0,8,8,0,0,0,0,8,8,9,9,0,0
1192413,18,18,63,59,0,0,10,10,5,5,48,48,10,10,16,16,32,32,0,0,7,7,0,0,3,3,0,0,0,0,8,8,0,0,0,0
1191208,182,182,53,47,0,0,4,4,3,3,20,20,0,0,0,0,3,3,0,0,0,0,0,0,8,8,0,0,0,0,9,9,5,5,0,0
1192412,61,61,89,85,5,5,3,3,4,4,34,34,0,0,9,9,19,19,0,0,3,3,0,0,22,22,0,0,0,0,9,9,4,4,0,0
1191410,74,74,35,33,0,0,0,0,0,0,19,19,0,0,3,3,4,4,0,0,0,0,0,0,5,5,0,0,3,3,5,5,0,0,0,0
1191209,149,149,83,82,0,0,3,3,0,0,14,14,0,0,0,0,13,13,0,0,0,0,4,4,6,6,0,0,4,4,11,11,7,7,0,0
1192411,44,44,84,77,0,0,19,19,3,3,83,83,13,13,12,12,28,28,0,0,0,0,3,3,17,17,0,0,4,4,11,11,0,0,0,0
1192410,54,54,101,97,9,9,20,20,14,14,124,124,13,13,17,17,25,25,0,0,4,4,4,4,16,16,6,6,0,0,10,10,6,6,0,0
1192209,65,65,72,68,4,4,9,9,3,3,40,40,3,3,3,3,23,23,5,5,0,0,3,3,29,29,0,0,3,3,21,21,3,3,0,0
1192208,36,36,69,69,4,4,4,4,4,4,27,27,6,6,0,0,10,10,0,0,6,6,3,3,21,21,0,0,7,7,10,10,4,4,0,0
1192207,36,36,69,69,0,0,4,4,4,4,38,38,7,7,0,0,21,21,0,0,3,3,4,4,30,30,0,0,8,8,13,13,3,3,0,0
1191405,102,102,131,127,0,0,5,5,3,3,91,91,10,10,15,15,20,20,6,6,4,4,0,0,12,12,0,0,4,4,10,10,4,4,0,0
1191210,107,107,54,50,0,0,0,0,0,0,8,8,0,0,3,3,0,0,0,0,0,0,0,0,0,0,0,0,0,0,6,6,4,4,0,0
1191404,13,13,36,29,0,0,4,4,5,5,14,14,0,0,5,5,14,14,0,0,5,5,0,0,5,5,0,0,0,0,0,0,0,0,0,0
1192409,23,23,105,101,0,0,12,12,6,6,161,161,3,3,6,6,25,25,0,0,0,0,4,4,21,21,0,0,7,7,8,8,0,0,0,0
1191407,88,88,52,47,0,0,5,5,4,4,25,25,0,0,0,0,14,14,0,0,0,0,0,0,10,10,0,0,3,3,12,12,0,0,0,0
1191406,54,54,94,87,0,0,8,8,0,0,53,53,0,0,5,5,21,21,0,0,0,0,0,0,11,11,0,0,4,4,11,11,0,0,0,0
1191211,99,99,56,56,0,0,0,0,0,0,9,9,0,0,0,0,4,4,0,0,0,0,0,0,5,5,0,0,0,0,10,10,4,4,0,0
1192407,36,36,64,63,4,4,3,3,4,4,34,34,3,3,9,9,23,23,0,0,0,0,0,0,21,21,0,0,0,0,12,12,0,0,0,0
1192212,45,45,57,53,0,0,3,3,6,6,36,36,5,5,3,3,19,19,0,0,5,5,3,3,13,13,6,6,0,0,9,9,3,3,0,0
1191409,25,25,80,73,3,3,7,7,5,5,49,49,6,6,4,4,14,14,0,0,0,0,0,0,8,8,0,0,0,0,0,0,6,6,0,0
1191214,53,53,33,33,0,0,3,3,0,0,7,7,0,0,0,0,0,0,0,0,0,0,0,0,0,0,0,0,3,3,5,5,4,4,0,0
1192408,63,63,93,93,3,3,5,5,3,3,38,38,3,3,5,5,33,33,4,4,3,3,0,0,15,15,3,3,13,13,8,8,0,0,0,0
1191408,133,133,77,77,0,0,12,12,0,0,40,40,4,4,7,7,11,11,0,0,4,4,0,0,13,13,0,0,5,5,4,4,5,5,0,0
1191213,51,51,26,24,0,0,5,5,0,0,11,11,4,4,0,0,4,4,3,3,3,3,0,0,0,0,0,0,0,0,5,5,0,0,0,0
1192405,31,31,54,54,0,0,11,11,0,0,44,44,5,5,6,6,17,17,0,0,0,0,0,0,6,6,0,0,0,0,8,8,0,0,0,0
1192210,105,105,61,58,5,5,5,5,0,0,13,13,3,3,3,3,18,18,0,0,0,0,0,0,12,12,3,3,3,3,10,10,0,0,0,0
1192406,17,17,29,25,0,0,6,6,0,0,16,16,0,0,0,0,14,14,0,0,3,3,3,3,9,9,0,0,0,0,9,9,0,0,0,0
1192211,42,42,106,103,4,4,9,9,3,3,42,42,9,9,5,5,29,29,0,0,3,3,3,3,8,8,3,3,0,0,14,14,3,3,0,0
1192806,25,25,104,94,4,4,7,7,4,4,124,124,4,4,3,3,17,17,0,0,0,0,0,0,11,11,0,0,0,0,7,7,3,3,0,0
1192611,96,96,32,28,0,0,0,0,0,0,10,10,3,3,3,3,4,4,0,0,0,0,0,0,12,12,0,0,0,0,9,9,0,0,0,0
1192805,76,76,99,91,5,5,6,6,4,4,56,56,6,6,8,8,12,12,0,0,0,0,0,0,17,17,0,0,4,4,14,14,3,3,0,0
1192808,18,18,51,48,6,6,11,11,0,0,39,39,10,10,4,4,24,24,0,0,5,5,0,0,4,4,3,3,0,0,6,6,3,3,0,0
1192613,45,45,33,33,0,0,0,0,0,0,28,28,3,3,3,3,9,9,3,3,5,5,0,0,9,9,0,0,3,3,15,15,3,3,0,0
1192807,120,120,98,94,4,4,14,14,4,4,43,43,10,10,13,13,15,15,0,0,6,6,0,0,41,41,0,0,3,3,23,23,6,6,0,0
1192612,50,50,25,17,0,0,0,0,3,3,8,8,0,0,0,0,6,6,0,0,4,4,3,3,9,9,3,3,0,0,0,0,0,0,0,0
1192802,44,44,52,52,6,6,6,6,0,0,34,34,8,8,4,4,23,23,0,0,10,10,0,0,46,46,3,3,8,8,25,25,5,5,0,0
1192801,18,18,36,32,0,0,8,8,0,0,64,64,0,0,0,0,20,20,0,0,0,0,0,0,10,10,0,0,3,3,0,0,0,0,0,0
1192804,15,15,49,47,0,0,14,14,3,3,40,40,9,9,9,9,15,15,0,0,4,4,0,0,5,5,0,0,0,0,7,7,3,3,0,0
1192803,61,61,70,65,6,6,15,15,3,3,114,114,7,7,5,5,29,29,0,0,0,0,0,0,22,22,0,0,3,3,9,9,0,0,0,0
1192402,29,29,43,43,0,0,0,0,9,9,37,37,5,5,13,13,19,19,0,0,3,3,3,3,10,10,3,3,3,3,3,3,0,0,0,0
1192401,27,27,55,53,3,3,13,13,6,6,30,30,0,0,7,7,21,21,0,0,4,4,5,5,25,25,0,0,4,4,13,13,0,0,0,0
1192404,39,39,57,54,0,0,11,11,4,4,36,36,6,6,3,3,18,18,0,0,5,5,0,0,22,22,0,0,0,0,12,12,0,0,0,0
1192403,33,33,26,22,0,0,11,11,6,6,22,22,5,5,3,3,16,16,0,0,0,0,0,0,6,6,0,0,0,0,10,10,0,0,0,0
1192809,23,23,25,22,3,3,9,9,0,0,14,14,4,4,9,9,9,9,0,0,0,0,0,0,8,8,0,0,0,0,6,6,0,0,0,0
1192203,51,51,79,74,5,5,14,14,8,8,39,39,11,11,5,5,41,41,0,0,7,7,0,0,17,17,0,0,3,3,10,10,4,4,0,0
1192204,17,17,33,33,0,0,5,5,4,4,26,26,0,0,5,5,15,15,3,3,3,3,0,0,4,4,3,3,0,0,3,3,0,0,0,0
1192205,43,43,101,97,3,3,7,7,5,5,60,60,10,10,8,8,30,30,0,0,5,5,0,0,14,14,0,0,0,0,20,20,0,0,0,0
1192206,103,103,174,166,4,4,16,16,3,3,77,77,11,11,9,9,36,36,0,0,0,0,0,0,11,11,0,0,5,5,9,9,0,0,0,0
1192201,139,139,159,159,0,0,6,6,4,4,20,20,0,0,5,5,17,17,0,0,0,0,0,0,7,7,0,0,0,0,18,18,3,3,0,0
1192202,36,36,48,48,0,0,3,3,8,8,16,16,0,0,0,0,4,4,0,0,0,0,3,3,7,7,0,0,3,3,4,4,0,0,0,0
1192607,64,64,52,52,0,0,6,6,0,0,32,32,0,0,8,8,13,13,0,0,3,3,3,3,11,11,3,3,0,0,22,22,7,7,0,0
1192608,75,75,21,21,0,0,0,0,0,0,12,12,0,0,0,0,3,3,0,0,3,3,3,3,15,15,0,0,0,0,8,8,0,0,0,0
1192810,10,10,29,28,0,0,6,6,7,7,15,15,0,0,3,3,10,10,0,0,0,0,0,0,5,5,0,0,0,0,0,0,0,0,0,0
1192609,25,25,32,30,0,0,6,6,0,0,22,22,0,0,3,3,4,4,0,0,0,0,0,0,9,9,0,0,0,0,9,9,3,3,0,0
1192811,120,120,108,104,0,0,24,24,6,6,90,90,13,13,13,13,30,30,0,0,5,5,0,0,22,22,0,0,0,0,15,15,0,0,0,0
1192603,110,110,107,106,3,3,16,16,4,4,40,40,3,3,7,7,34,34,0,0,5,5,5,5,45,45,3,3,3,3,29,29,7,7,0,0
1192604,59,59,77,75,0,0,9,9,7,7,37,37,3,3,6,6,25,25,5,5,10,10,5,5,22,22,6,6,3,3,25,25,4,4,0,0
1192605,69,69,73,68,4,4,13,13,7,7,36,36,0,0,6,6,25,25,3,3,6,6,7,7,28,28,4,4,5,5,24,24,3,3,0,0
1192606,62,62,78,78,4,4,13,13,6,6,24,24,0,0,5,5,22,22,4,4,8,8,4,4,30,30,0,0,0,0,33,33,11,11,0,0
1193107,27,27,92,89,0,0,8,8,0,0,47,47,5,5,9,9,17,17,0,0,3,3,0,0,3,3,3,3,0,0,6,6,0,0,0,0
1193108,55,55,61,60,0,0,8,8,3,3,45,45,0,0,3,3,9,9,0,0,6,6,0,0,11,11,4,4,3,3,6,6,0,0,0,0
1193105,27,27,73,67,3,3,16,16,4,4,60,60,11,11,14,14,25,25,0,0,0,0,0,0,8,8,0,0,3,3,4,4,0,0,0,0
1193106,95,95,79,79,0,0,6,6,0,0,46,46,6,6,6,6,22,22,0,0,3,3,3,3,15,15,0,0,6,6,15,15,0,0,0,0
1193103,39,39,112,105,0,0,9,9,9,9,66,66,5,5,16,16,21,21,0,0,0,0,4,4,5,5,0,0,4,4,10,10,0,0,0,0
1193104,49,49,71,66,0,0,0,0,0,0,34,34,5,5,4,4,12,12,0,0,3,3,0,0,7,7,0,0,0,0,4,4,0,0,0,0
1193101,31,31,80,72,0,0,15,15,0,0,60,60,4,4,10,10,25,25,0,0,0,0,0,0,0,0,5,5,0,0,7,7,0,0,0,0
1193102,32,32,65,57,7,7,19,19,4,4,95,95,11,11,13,13,31,31,0,0,0,0,0,0,6,6,0,0,0,0,8,8,0,0,0,0
1192311,29,29,40,34,0,0,0,0,3,3,21,21,0,0,4,4,13,13,0,0,0,0,0,0,11,11,0,0,0,0,0,0,0,0,0,0
1192312,19,19,47,45,0,0,4,4,4,4,34,34,6,6,5,5,12,12,0,0,0,0,0,0,8,8,0,0,3,3,4,4,0,0,0,0
1191309,115,115,42,41,3,3,0,0,0,0,13,13,0,0,0,0,0,0,0,0,4,4,0,0,5,5,0,0,3,3,5,5,9,9,0,0
1192310,49,49,88,83,4,4,15,15,4,4,85,85,7,7,8,8,32,32,0,0,3,3,0,0,19,19,0,0,0,0,10,10,5,5,0,0
1191306,146,146,63,62,0,0,6,6,4,4,26,26,0,0,0,0,9,9,0,0,4,4,0,0,13,13,0,0,6,6,12,12,4,4,0,0
1191305,23,23,15,12,0,0,0,0,0,0,12,12,0,0,5,5,0,0,0,0,0,0,0,0,3,3,0,0,0,0,11,11,0,0,0,0
1192313,108,108,64,62,3,3,7,7,5,5,38,38,3,3,10,10,24,24,0,0,5,5,0,0,19,19,5,5,3,3,8,8,0,0,0,0
1191308,72,72,32,28,0,0,3,3,0,0,16,16,0,0,7,7,7,7,0,0,0,0,0,0,8,8,3,3,3,3,10,10,0,0,0,0
1191307,60,60,45,43,0,0,6,6,0,0,13,13,0,0,0,0,18,18,0,0,3,3,0,0,9,9,3,3,0,0,16,16,0,0,0,0
1192309,55,55,93,91,0,0,4,4,5,5,32,32,6,6,5,5,10,10,0,0,7,7,0,0,15,15,0,0,3,3,10,10,0,0,0,0
1191312,103,103,36,34,0,0,0,0,0,0,15,15,0,0,3,3,12,12,0,0,0,0,0,0,5,5,0,0,3,3,11,11,3,3,0,0
1192308,55,55,76,72,3,3,4,4,4,4,46,46,3,3,6,6,20,20,0,0,0,0,0,0,18,18,0,0,5,5,7,7,0,0,0,0
1191313,117,117,86,82,0,0,4,4,0,0,8,8,0,0,0,0,9,9,0,0,0,0,0,0,9,9,0,0,0,0,4,4,9,9,0,0
1192307,29,29,58,58,0,0,5,5,0,0,29,29,3,3,0,0,14,14,3,3,0,0,0,0,10,10,0,0,0,0,3,3,5,5,0,0
1192306,67,67,52,52,0,0,0,0,0,0,31,31,5,5,0,0,17,17,0,0,0,0,0,0,11,11,0,0,3,3,11,11,6,6,0,0
1191310,93,93,36,36,0,0,0,0,0,0,9,9,0,0,0,0,5,5,0,0,0,0,0,0,5,5,0,0,3,3,3,3,0,0,0,0
1191311,108,108,45,42,0,0,0,0,0,0,3,3,0,0,3,3,3,3,0,0,3,3,0,0,3,3,0,0,3,3,0,0,0,0,0,0
1192701,107,107,55,52,0,0,7,7,0,0,40,40,6,6,9,9,14,14,0,0,0,0,0,0,8,8,0,0,0,0,8,8,0,0,0,0
1193010,26,26,81,80,5,5,20,20,4,4,97,97,21,21,17,17,31,31,0,0,3,3,6,6,12,12,5,5,3,3,6,6,0,0,0,0
1192702,213,213,122,122,0,0,0,0,5,5,17,17,0,0,0,0,19,19,0,0,3,3,4,4,17,17,0,0,6,6,13,13,5,5,0,0
1192703,74,74,61,55,0,0,11,11,3,3,42,42,0,0,4,4,20,20,0,0,9,9,0,0,14,14,0,0,0,0,15,15,5,5,0,0
1192704,75,75,65,64,0,0,10,10,7,7,39,39,5,5,0,0,18,18,0,0,0,0,8,8,30,30,0,0,0,0,23,23,4,4,0,0
1192705,46,46,59,59,0,0,5,5,5,5,47,47,0,0,5,5,25,25,0,0,0,0,0,0,18,18,3,3,3,3,19,19,0,0,0,0
1192706,67,67,53,44,0,0,9,9,0,0,42,42,0,0,11,11,20,20,0,0,0,0,0,0,17,17,3,3,0,0,10,10,4,4,0,0
1192707,30,30,45,45,0,0,7,7,6,6,32,32,4,4,4,4,11,11,0,0,0,0,0,0,9,9,0,0,0,0,7,7,0,0,0,0
1192708,61,61,68,68,5,5,5,5,3,3,34,34,8,8,0,0,27,27,0,0,7,7,0,0,19,19,3,3,0,0,7,7,5,5,0,0
1192709,26,26,53,53,0,0,0,0,4,4,29,29,5,5,5,5,17,17,0,0,3,3,0,0,18,18,0,0,0,0,6,6,0,0,0,0
1192301,66,66,70,66,0,0,6,6,0,0,47,47,3,3,0,0,8,8,0,0,6,6,4,4,20,20,3,3,3,3,12,12,0,0,0,0
1193209,28,28,47,44,0,0,9,9,5,5,49,49,4,4,0,0,21,21,0,0,5,5,0,0,11,11,0,0,0,0,8,8,0,0,0,0
1192302,107,107,100,95,0,0,6,6,4,4,56,56,0,0,7,7,41,41,0,0,3,3,3,3,26,26,0,0,0,0,23,23,9,9,0,0
1193208,21,21,44,42,0,0,11,11,10,10,47,47,4,4,3,3,16,16,0,0,3,3,3,3,16,16,0,0,0,0,8,8,0,0,0,0
1192303,84,84,57,54,0,0,4,4,0,0,22,22,5,5,5,5,8,8,0,0,0,0,0,0,13,13,5,5,4,4,10,10,0,0,0,0
1193111,38,38,61,58,6,6,11,11,4,4,53,53,13,13,16,16,25,25,0,0,5,5,0,0,3,3,0,0,3,3,4,4,0,0,0,0
1192304,66,66,39,34,0,0,4,4,4,4,22,22,4,4,4,4,12,12,0,0,0,0,3,3,6,6,5,5,0,0,12,12,0,0,0,0
1193110,59,59,102,102,4,4,9,9,4,4,93,93,5,5,6,6,24,24,0,0,3,3,4,4,16,16,0,0,0,0,12,12,4,4,0,0
1192305,31,31,43,43,0,0,4,4,7,7,13,13,3,3,0,0,9,9,0,0,0,0,3,3,3,3,0,0,0,0,4,4,8,8,0,0
1193215,15,15,71,64,5,5,6,6,3,3,122,122,6,6,4,4,11,11,0,0,0,0,5,5,12,12,0,0,0,0,6,6,0,0,0,0
1193211,35,35,49,49,0,0,10,10,0,0,20,20,4,4,0,0,13,13,0,0,5,5,0,0,10,10,3,3,4,4,7,7,4,4,0,0
1193212,41,41,82,79,7,7,27,27,9,9,89,89,7,7,15,15,26,26,0,0,4,4,4,4,30,30,3,3,6,6,17,17,0,0,0,0
1193213,40,40,28,25,6,6,4,4,4,4,28,28,4,4,4,4,15,15,4,4,0,0,6,6,28,28,0,0,4,4,18,18,0,0,0,0
1193214,19,19,67,59,5,5,20,20,16,16,134,134,10,10,6,6,17,17,0,0,4,4,0,0,14,14,0,0,0,0,0,0,0,0,0,0
1193109,87,87,79,79,0,0,10,10,0,0,49,49,4,4,7,7,12,12,0,0,0,0,0,0,18,18,0,0,0,0,18,18,4,4,0,0
1193210,54,54,55,54,0,0,3,3,7,7,27,27,5,5,3,3,11,11,0,0,0,0,0,0,17,17,6,6,0,0,13,13,3,3,0,0
1192710,50,50,95,94,4,4,9,9,6,6,46,46,4,4,4,4,47,47,0,0,7,7,0,0,23,23,4,4,4,4,10,10,4,4,0,0
1192712,40,40,80,78,4,4,3,3,5,5,31,31,0,0,10,10,29,29,0,0,0,0,0,0,10,10,0,0,3,3,13,13,3,3,0,0
1192711,91,91,64,64,0,0,8,8,0,0,17,17,10,10,7,7,14,14,0,0,3,3,0,0,7,7,0,0,3,3,4,4,3,3,0,0
1193001,17,17,14,14,4,4,6,6,0,0,17,17,0,0,0,0,9,9,0,0,0,0,0,0,0,0,0,0,0,0,5,5,0,0,0,0
1193005,68,68,92,91,0,0,5,5,13,13,54,54,5,5,6,6,17,17,0,0,3,3,0,0,20,20,0,0,4,4,24,24,3,3,0,0
1192814,28,28,130,127,5,5,20,20,4,4,146,146,4,4,6,6,22,22,3,3,0,0,4,4,24,24,0,0,3,3,6,6,0,0,0,0
1190711,29,29,48,48,0,0,3,3,0,0,23,23,7,7,8,8,20,20,0,0,0,0,0,0,6,6,0,0,0,0,6,6,3,3,0,0
1193004,31,31,41,38,0,0,8,8,4,4,39,39,0,0,10,10,18,18,0,0,0,0,0,0,18,18,0,0,5,5,8,8,4,4,0,0
1190712,78,78,61,56,3,3,5,5,5,5,43,43,11,11,5,5,21,21,0,0,3,3,0,0,12,12,0,0,3,3,10,10,3,3,0,0
1193003,43,43,95,91,7,7,17,17,4,4,151,151,7,7,4,4,26,26,3,3,5,5,0,0,26,26,4,4,0,0,14,14,0,0,0,0
1192812,92,92,129,129,6,6,32,32,0,0,102,102,10,10,13,13,37,37,0,0,7,7,0,0,37,37,0,0,4,4,16,16,5,5,0,0
1190713,99,99,67,67,0,0,3,3,6,6,33,33,3,3,0,0,19,19,0,0,0,0,0,0,16,16,0,0,3,3,15,15,3,3,0,0
1193002,11,11,19,19,0,0,9,9,0,0,15,15,0,0,5,5,11,11,0,0,0,0,3,3,3,3,0,0,0,0,3,3,0,0,0,0
1192813,9,9,21,21,0,0,3,3,0,0,36,36,0,0,5,5,9,9,0,0,0,0,0,0,0,0,0,0,3,3,0,0,3,3,0,0
1190714,29,29,21,21,0,0,0,0,0,0,18,18,0,0,0,0,11,11,0,0,0,0,0,0,7,7,0,0,0,0,8,8,4,4,0,0
1193009,51,51,75,69,0,0,11,11,3,3,75,75,6,6,7,7,23,23,3,3,5,5,0,0,12,12,0,0,3,3,5,5,0,0,0,0
1192818,36,36,78,72,0,0,16,16,5,5,115,115,9,9,10,10,24,24,0,0,0,0,3,3,29,29,4,4,3,3,9,9,3,3,0,0
1193008,23,23,32,31,0,0,8,8,3,3,40,40,9,9,9,9,23,23,0,0,4,4,0,0,6,6,0,0,0,0,4,4,0,0,0,0
1193007,50,50,62,61,0,0,17,17,7,7,62,62,8,8,5,5,24,24,0,0,9,9,3,3,11,11,0,0,0,0,9,9,6,6,0,0
1192816,7,7,54,54,4,4,5,5,4,4,58,58,4,4,3,3,16,16,0,0,0,0,4,4,7,7,0,0,0,0,3,3,0,0,0,0
1193006,78,78,73,71,4,4,13,13,7,7,46,46,7,7,6,6,17,17,0,0,0,0,7,7,27,27,0,0,4,4,11,11,5,5,0,0
1192817,96,96,112,106,4,4,18,18,5,5,108,108,5,5,6,6,17,17,6,6,0,0,8,8,24,24,0,0,5,5,13,13,5,5,0,0
1193202,26,26,57,57,0,0,6,6,0,0,51,51,5,5,0,0,27,27,0,0,0,0,0,0,13,13,0,0,0,0,6,6,4,4,0,0
1193203,10,10,32,29,0,0,6,6,5,5,19,19,3,3,3,3,15,15,0,0,0,0,0,0,0,0,0,0,0,0,6,6,0,0,0,0
1193201,18,18,32,32,0,0,0,0,6,6,46,46,0,0,0,0,13,13,5,5,3,3,3,3,13,13,0,0,0,0,7,7,5,5,0,0
1193206,48,48,120,110,3,3,22,22,15,15,193,193,13,13,7,7,35,35,0,0,3,3,0,0,33,33,4,4,3,3,14,14,0,0,0,0
1193207,15,15,36,36,0,0,5,5,0,0,19,19,3,3,3,3,6,6,0,0,0,0,0,0,16,16,0,0,0,0,8,8,0,0,0,0
1193204,11,11,54,53,0,0,9,9,7,7,33,33,8,8,3,3,24,24,0,0,0,0,7,7,14,14,0,0,0,0,8,8,0,0,0,0
1193205,65,65,76,75,0,0,5,5,4,4,42,42,5,5,0,0,15,15,0,0,0,0,3,3,14,14,0,0,0,0,5,5,5,5,0,0
1191303,75,75,53,52,0,0,6,6,0,0,31,31,0,0,9,9,21,21,0,0,0,0,3,3,11,11,0,0,0,0,9,9,4,4,0,0
1191304,26,26,18,18,0,0,5,5,0,0,14,14,3,3,0,0,8,8,0,0,3,3,0,0,3,3,0,0,0,0,3,3,3,3,0,0
1191301,49,49,68,59,5,5,7,7,0,0,56,56,5,5,10,10,21,21,0,0,0,0,0,0,11,11,4,4,0,0,7,7,4,4,0,0
1191302,46,46,55,51,0,0,11,11,0,0,21,21,9,9,0,0,14,14,0,0,4,4,0,0,5,5,0,0,0,0,5,5,0,0,0,0
1191204,125,125,89,88,0,0,0,0,5,5,19,19,5,5,4,4,9,9,0,0,0,0,3,3,3,3,0,0,0,0,3,3,8,8,0,0
1192416,66,66,95,93,0,0,22,22,7,7,154,154,14,14,19,19,24,24,7,7,3,3,3,3,28,28,3,3,7,7,11,11,5,5,0,0
1191205,83,83,20,20,0,0,0,0,0,0,8,8,0,0,0,0,6,6,0,0,6,6,0,0,4,4,0,0,0,0,0,0,6,6,0,0
1191202,145,145,73,68,0,0,5,5,5,5,15,15,0,0,4,4,4,4,0,0,0,0,0,0,4,4,0,0,0,0,15,15,6,6,0,0
1191203,150,150,56,50,0,0,4,4,3,3,4,4,3,3,5,5,6,6,0,0,0,0,0,0,6,6,0,0,0,0,0,0,4,4,0,0
1191201,106,106,35,35,0,0,3,3,0,0,3,3,0,0,8,8,0,0,0,0,0,0,0,0,4,4,5,5,0,0,9,9,4,4,0,0
