zoneID,startTime,endTime,dt
1190812,2015-07-01 19:22:35.701,2015-07-01 19:22:35.997,296
1190811,2015-07-01 19:22:39.06,2015-07-01 19:22:39.139,79
1190810,2015-07-01 19:22:40.3,2015-07-01 19:22:40.441,141
1190913,2015-07-01 19:22:40.5,2015-07-01 19:22:40.595,95
1190912,2015-07-01 19:22:41.048,2015-07-01 19:22:41.1,52
1190911,2015-07-01 19:22:41.179,2015-07-01 19:22:41.257,78
1190910,2015-07-01 19:22:41.418,2015-07-01 19:22:41.487,69
1190804,2015-07-01 19:22:42.466,2015-07-01 19:22:42.484,18
1190102,2015-07-01 19:22:42.961,2015-07-01 19:22:43.106,145
1190803,2015-07-01 19:22:43.668,2015-07-01 19:22:44.154,486
1190105,2015-07-01 19:22:44.281,2015-07-01 19:22:44.764,483
1190806,2015-07-01 19:22:45.425,2015-07-01 19:22:45.452,27
1190104,2015-07-01 19:22:45.666,2015-07-01 19:22:45.683,17
1190805,2015-07-01 19:22:46.238,2015-07-01 19:22:46.293,55
1190101,2015-07-01 19:22:46.564,2015-07-01 19:22:46.577,13
1190802,2015-07-01 19:22:46.919,2015-07-01 19:22:47.134,215
1190801,2015-07-01 19:22:47.673,2015-07-01 19:22:47.686,13
1190202,2015-07-01 19:22:47.89,2015-07-01 19:22:47.998,108
1190808,2015-07-01 19:22:48.063,2015-07-01 19:22:48.107,44
1190201,2015-07-01 19:22:48.241,2015-07-01 19:22:48.305,64
1190807,2015-07-01 19:22:48.41,2015-07-01 19:22:48.481,71
1190204,2015-07-01 19:22:48.781,2015-07-01 19:22:48.821,40
1190203,2015-07-01 19:22:49.157,2015-07-01 19:22:49.206,49
1190809,2015-07-01 19:22:49.452,2015-07-01 19:22:49.486,34
1190207,2015-07-01 19:22:49.707,2015-07-01 19:22:50.212,505
1190208,2015-07-01 19:22:51.011,2015-07-01 19:22:51.327,316
1190205,2015-07-01 19:22:52.381,2015-07-01 19:22:52.62,239
1190206,2015-07-01 19:22:52.932,2015-07-01 19:22:52.974,42
1190209,2015-07-01 19:22:53.11,2015-07-01 19:22:53.155,45
1190108,2015-07-01 19:22:53.431,2015-07-01 19:22:53.47,39
1190109,2015-07-01 19:22:55.197,2015-07-01 19:22:55.233,36
1190106,2015-07-01 19:22:55.893,2015-07-01 19:22:55.907,14
1190107,2015-07-01 19:22:56.743,2015-07-01 19:22:57.34,597
1190113,2015-07-01 19:22:57.654,2015-07-01 19:22:57.67,16
1190112,2015-07-01 19:22:58.086,2015-07-01 19:22:58.865,779
1190111,2015-07-01 19:22:59.505,2015-07-01 19:22:59.583,78
1190110,2015-07-01 19:23:00.067,2015-07-01 19:23:00.127,60
1190211,2015-07-01 19:23:00.414,2015-07-01 19:23:00.767,353
1190210,2015-07-01 19:23:00.933,2015-07-01 19:23:00.951,18
1192107,2015-07-01 19:23:01.157,2015-07-01 19:23:01.539,382
1192106,2015-07-01 19:23:01.757,2015-07-01 19:23:01.804,47
1192105,2015-07-01 19:23:02.388,2015-07-01 19:23:02.513,125
1192104,2015-07-01 19:23:05.117,2015-07-01 19:23:05.26,143
1192103,2015-07-01 19:23:05.539,2015-07-01 19:23:05.555,16
1192102,2015-07-01 19:23:05.695,2015-07-01 19:23:06.033,338
1192101,2015-07-01 19:23:06.855,2015-07-01 19:23:06.889,34
1192111,2015-07-01 19:23:07.16,2015-07-01 19:23:07.176,16
1192113,2015-07-01 19:23:07.3,2015-07-01 19:23:07.3,0
1192110,2015-07-01 19:23:07.363,2015-07-01 19:23:07.364,1
1192911,2015-07-01 19:23:07.834,2015-07-01 19:23:08.165,331
1192108,2015-07-01 19:23:08.337,2015-07-01 19:23:08.416,79
1192912,2015-07-01 19:23:08.494,2015-07-01 19:23:08.556,62
1192109,2015-07-01 19:23:08.761,2015-07-01 19:23:08.794,33
1192910,2015-07-01 19:23:09.387,2015-07-01 19:23:09.402,15
1181602,2015-07-01 19:23:09.683,2015-07-01 19:23:11.472,1789
1181601,2015-07-01 19:23:11.566,2015-07-01 19:23:11.877,311
1192908,2015-07-01 19:23:12.272,2015-07-01 19:23:12.329,57
1192909,2015-07-01 19:23:12.896,2015-07-01 19:23:12.959,63
1190901,2015-07-01 19:23:13.305,2015-07-01 19:23:13.322,17
1190902,2015-07-01 19:23:13.508,2015-07-01 19:23:13.539,31
1190903,2015-07-01 19:23:13.929,2015-07-01 19:23:14.845,916
1190904,2015-07-01 19:23:15.658,2015-07-01 19:23:15.658,0
1190905,2015-07-01 19:23:15.736,2015-07-01 19:23:16.515,779
1192902,2015-07-01 19:23:16.903,2015-07-01 19:23:16.958,55
1190906,2015-07-01 19:23:17.318,2015-07-01 19:23:18.181,863
1192903,2015-07-01 19:23:18.558,2015-07-01 19:23:18.898,340
1190907,2015-07-01 19:23:19.258,2015-07-01 19:23:20.037,779
1190908,2015-07-01 19:23:20.243,2015-07-01 19:23:20.383,140
1192901,2015-07-01 19:23:20.92,2015-07-01 19:23:22.459,1539
1190909,2015-07-01 19:23:23.053,2015-07-01 19:23:23.517,464
1192906,2015-07-01 19:23:23.712,2015-07-01 19:23:24.676,964
1192907,2015-07-01 19:23:25.047,2015-07-01 19:23:25.052,5
1192904,2015-07-01 19:23:25.526,2015-07-01 19:23:25.542,16
1192905,2015-07-01 19:23:26.037,2015-07-01 19:23:26.048,11
1191008,2015-07-01 19:23:26.33,2015-07-01 19:23:28.143,1813
1191009,2015-07-01 19:23:28.373,2015-07-01 19:23:29.345,972
1191010,2015-07-01 19:23:29.448,2015-07-01 19:23:29.926,478
1191012,2015-07-01 19:23:30.766,2015-07-01 19:23:30.88,114
1191011,2015-07-01 19:23:31.786,2015-07-01 19:23:31.83,44
1181301,2015-07-01 19:23:31.975,2015-07-01 19:23:32.783,808
1181609,2015-07-01 19:23:32.987,2015-07-01 19:23:33.198,211
1181608,2015-07-01 19:23:33.286,2015-07-01 19:23:33.323,37
1181413,2015-07-01 19:23:33.61,2015-07-01 19:23:34.459,849
1181607,2015-07-01 19:23:34.707,2015-07-01 19:23:34.778,71
1181412,2015-07-01 19:23:34.976,2015-07-01 19:23:35.809,833
1181606,2015-07-01 19:23:35.994,2015-07-01 19:23:36.822,828
1181411,2015-07-01 19:23:36.911,2015-07-01 19:23:37.039,128
1181305,2015-07-01 19:23:37.155,2015-07-01 19:23:37.85,695
1181605,2015-07-01 19:23:37.988,2015-07-01 19:23:38.006,18
1181410,2015-07-01 19:23:38.324,2015-07-01 19:23:38.445,121
1181304,2015-07-01 19:23:38.535,2015-07-01 19:23:38.545,10
1181604,2015-07-01 19:23:38.769,2015-07-01 19:23:38.912,143
1181303,2015-07-01 19:23:38.986,2015-07-01 19:23:38.996,10
1181603,2015-07-01 19:23:39.161,2015-07-01 19:23:39.183,22
1181302,2015-07-01 19:23:39.456,2015-07-01 19:23:40.061,605
1181206,2015-07-01 19:23:40.273,2015-07-01 19:23:41.034,761
1181205,2015-07-01 19:23:41.328,2015-07-01 19:23:41.673,345
1181204,2015-07-01 19:23:42.945,2015-07-01 19:23:42.956,11
1181203,2015-07-01 19:23:43.202,2015-07-01 19:23:43.437,235
1181202,2015-07-01 19:23:43.603,2015-07-01 19:23:43.987,384
1181201,2015-07-01 19:23:44.174,2015-07-01 19:23:44.237,63
1181409,2015-07-01 19:23:44.455,2015-07-01 19:23:44.502,47
1181610,2015-07-01 19:23:44.595,2015-07-01 19:23:44.628,33
1181611,2015-07-01 19:23:44.78,2015-07-01 19:23:44.853,73
1181407,2015-07-01 19:23:45.13,2015-07-01 19:23:45.158,28
1181408,2015-07-01 19:23:45.282,2015-07-01 19:23:45.368,86
1181405,2015-07-01 19:23:45.452,2015-07-01 19:23:45.501,49
1181406,2015-07-01 19:23:45.837,2015-07-01 19:23:46.045,208
1191811,2015-07-01 19:23:46.503,2015-07-01 19:23:46.833,330
1181310,2015-07-01 19:23:47.023,2015-07-01 19:23:47.209,186
1182307,2015-07-01 19:23:47.396,2015-07-01 19:23:48.068,672
1182308,2015-07-01 19:23:48.328,2015-07-01 19:23:48.675,347
1182309,2015-07-01 19:23:48.784,2015-07-01 19:23:48.784,0
1181311,2015-07-01 19:23:48.846,2015-07-01 19:23:48.878,32
1182314,2015-07-01 19:23:48.941,2015-07-01 19:23:49.097,156
1191614,2015-07-01 19:23:49.315,2015-07-01 19:23:49.44,125
1191613,2015-07-01 19:23:50.957,2015-07-01 19:23:50.989,32
1181306,2015-07-01 19:23:51.263,2015-07-01 19:23:51.399,136
1182311,2015-07-01 19:23:51.578,2015-07-01 19:23:52.545,967
1181307,2015-07-01 19:23:52.965,2015-07-01 19:23:53.012,47
1182310,2015-07-01 19:23:53.166,2015-07-01 19:23:53.244,78
1181308,2015-07-01 19:23:53.483,2015-07-01 19:23:53.517,34
1182313,2015-07-01 19:23:53.709,2015-07-01 19:23:53.716,7
1181309,2015-07-01 19:23:54.102,2015-07-01 19:23:54.429,327
1182312,2015-07-01 19:23:54.596,2015-07-01 19:23:54.658,62
1191801,2015-07-01 19:23:54.842,2015-07-01 19:23:55.041,199
1191802,2015-07-01 19:23:55.901,2015-07-01 19:23:56.338,437
1191803,2015-07-01 19:23:56.835,2015-07-01 19:23:57.257,422
1191804,2015-07-01 19:23:57.773,2015-07-01 19:23:57.835,62
1191610,2015-07-01 19:23:58.024,2015-07-01 19:23:58.442,418
1191806,2015-07-01 19:23:59.002,2015-07-01 19:23:59.189,187
1191611,2015-07-01 19:23:59.805,2015-07-01 19:23:59.829,24
1191807,2015-07-01 19:24:00.716,2015-07-01 19:24:00.722,6
1191612,2015-07-01 19:24:01.178,2015-07-01 19:24:01.296,118
1191808,2015-07-01 19:24:01.463,2015-07-01 19:24:01.486,23
1191809,2015-07-01 19:24:01.874,2015-07-01 19:24:01.887,13
1191603,2015-07-01 19:24:02.378,2015-07-01 19:24:02.489,111
1182306,2015-07-01 19:24:02.571,2015-07-01 19:24:02.604,33
1191602,2015-07-01 19:24:02.879,2015-07-01 19:24:02.91,31
1182305,2015-07-01 19:24:03.019,2015-07-01 19:24:03.05,31
1191605,2015-07-01 19:24:03.207,2015-07-01 19:24:03.207,0
1182304,2015-07-01 19:24:03.42,2015-07-01 19:24:03.452,32
1191604,2015-07-01 19:24:03.906,2015-07-01 19:24:03.949,43
1191607,2015-07-01 19:24:04.074,2015-07-01 19:24:04.105,31
1182302,2015-07-01 19:24:04.43,2015-07-01 19:24:04.477,47
1191606,2015-07-01 19:24:04.555,2015-07-01 19:24:04.586,31
1182301,2015-07-01 19:24:04.68,2015-07-01 19:24:04.852,172
1191810,2015-07-01 19:24:04.93,2015-07-01 19:24:04.961,31
1191609,2015-07-01 19:24:05.54,2015-07-01 19:24:06.043,503
1191608,2015-07-01 19:24:06.215,2015-07-01 19:24:06.386,171
1191601,2015-07-01 19:24:06.887,2015-07-01 19:24:07.217,330
1180907,2015-07-01 19:24:07.718,2015-07-01 19:24:08.217,499
1180908,2015-07-01 19:24:08.342,2015-07-01 19:24:08.358,16
1180909,2015-07-01 19:24:08.514,2015-07-01 19:24:08.545,31
1180903,2015-07-01 19:24:08.624,2015-07-01 19:24:08.64,16
1180904,2015-07-01 19:24:08.905,2015-07-01 19:24:08.998,93
1180905,2015-07-01 19:24:09.074,2015-07-01 19:24:09.101,27
1180906,2015-07-01 19:24:09.18,2015-07-01 19:24:09.196,16
1180901,2015-07-01 19:24:09.4,2015-07-01 19:24:09.447,47
1180902,2015-07-01 19:24:09.558,2015-07-01 19:24:09.573,15
1181510,2015-07-01 19:24:09.823,2015-07-01 19:24:09.87,47
1181513,2015-07-01 19:24:10.026,2015-07-01 19:24:10.088,62
1181511,2015-07-01 19:24:10.531,2015-07-01 19:24:10.565,34
1181512,2015-07-01 19:24:10.884,2015-07-01 19:24:10.9,16
1181507,2015-07-01 19:24:10.962,2015-07-01 19:24:10.962,0
1181506,2015-07-01 19:24:11.119,2015-07-01 19:24:11.54,421
1181505,2015-07-01 19:24:12.074,2015-07-01 19:24:12.246,172
1181504,2015-07-01 19:24:12.308,2015-07-01 19:24:12.386,78
1181509,2015-07-01 19:24:12.476,2015-07-01 19:24:12.566,90
1181508,2015-07-01 19:24:12.695,2015-07-01 19:24:12.758,63
1181501,2015-07-01 19:24:12.836,2015-07-01 19:24:12.836,0
1181502,2015-07-01 19:24:12.976,2015-07-01 19:24:13.023,47
1181503,2015-07-01 19:24:13.085,2015-07-01 19:24:13.086,1
1181401,2015-07-01 19:24:13.2,2015-07-01 19:24:13.504,304
1181403,2015-07-01 19:24:13.597,2015-07-01 19:24:14.112,515
1181404,2015-07-01 19:24:14.222,2015-07-01 19:24:14.237,15
1191714,2015-07-01 19:24:14.316,2015-07-01 19:24:14.457,141
1191712,2015-07-01 19:24:15.441,2015-07-01 19:24:15.705,264
1191713,2015-07-01 19:24:16.498,2015-07-01 19:24:16.542,44
1190708,2015-07-01 19:24:16.647,2015-07-01 19:24:16.746,99
1190709,2015-07-01 19:24:17.636,2015-07-01 19:24:17.652,16
1191711,2015-07-01 19:24:17.762,2015-07-01 19:24:17.778,16
1191710,2015-07-01 19:24:18.814,2015-07-01 19:24:18.846,32
1190701,2015-07-01 19:24:19.064,2015-07-01 19:24:19.142,78
1190702,2015-07-01 19:24:19.503,2015-07-01 19:24:19.582,79
1190703,2015-07-01 19:24:20.299,2015-07-01 19:24:20.377,78
1190704,2015-07-01 19:24:20.737,2015-07-01 19:24:20.784,47
1190705,2015-07-01 19:24:21.268,2015-07-01 19:24:21.283,15
1190706,2015-07-01 19:24:21.439,2015-07-01 19:24:21.47,31
1190707,2015-07-01 19:24:21.752,2015-07-01 19:24:21.815,63
1191709,2015-07-01 19:24:21.986,2015-07-01 19:24:22.158,172
1190710,2015-07-01 19:24:22.595,2015-07-01 19:24:22.61,15
1191705,2015-07-01 19:24:22.799,2015-07-01 19:24:22.848,49
1191706,2015-07-01 19:24:23.231,2015-07-01 19:24:23.233,2
1191707,2015-07-01 19:24:23.629,2015-07-01 19:24:23.66,31
1191708,2015-07-01 19:24:23.785,2015-07-01 19:24:23.848,63
1191701,2015-07-01 19:24:25.018,2015-07-01 19:24:25.143,125
1180912,2015-07-01 19:24:25.33,2015-07-01 19:24:25.615,285
1191702,2015-07-01 19:24:25.772,2015-07-01 19:24:25.794,22
1191703,2015-07-01 19:24:26.17,2015-07-01 19:24:26.185,15
1180910,2015-07-01 19:24:27.056,2015-07-01 19:24:27.163,107
1191704,2015-07-01 19:24:27.263,2015-07-01 19:24:27.321,58
1180911,2015-07-01 19:24:27.604,2015-07-01 19:24:27.652,48
1181001,2015-07-01 19:24:27.827,2015-07-01 19:24:27.844,17
1180812,2015-07-01 19:24:28.227,2015-07-01 19:24:28.767,540
1190511,2015-07-01 19:24:28.829,2015-07-01 19:24:29.039,210
1181002,2015-07-01 19:24:29.334,2015-07-01 19:24:29.366,32
1180811,2015-07-01 19:24:29.678,2015-07-01 19:24:29.693,15
1190512,2015-07-01 19:24:30.114,2015-07-01 19:24:30.13,16
1181003,2015-07-01 19:24:30.647,2015-07-01 19:24:30.694,47
1180814,2015-07-01 19:24:30.818,2015-07-01 19:24:30.834,16
1190308,2015-07-01 19:24:30.928,2015-07-01 19:24:31.068,140
1181004,2015-07-01 19:24:31.241,2015-07-01 19:24:31.287,46
1180813,2015-07-01 19:24:31.365,2015-07-01 19:24:31.397,32
1190309,2015-07-01 19:24:31.475,2015-07-01 19:24:31.506,31
1190510,2015-07-01 19:24:32.663,2015-07-01 19:24:32.71,47
1181005,2015-07-01 19:24:32.943,2015-07-01 19:24:33.006,63
1190306,2015-07-01 19:24:33.068,2015-07-01 19:24:33.099,31
1190307,2015-07-01 19:24:33.319,2015-07-01 19:24:33.444,125
1181007,2015-07-01 19:24:33.584,2015-07-01 19:24:33.693,109
1190304,2015-07-01 19:24:33.974,2015-07-01 19:24:34.192,218
1190305,2015-07-01 19:24:34.958,2015-07-01 19:24:34.973,15
1181104,2015-07-01 19:24:35.395,2015-07-01 19:24:35.583,188
1190405,2015-07-01 19:24:35.661,2015-07-01 19:24:35.754,93
1181105,2015-07-01 19:24:36.051,2015-07-01 19:24:36.113,62
1190406,2015-07-01 19:24:36.238,2015-07-01 19:24:36.41,172
1181106,2015-07-01 19:24:36.66,2015-07-01 19:24:36.723,63
1190403,2015-07-01 19:24:36.785,2015-07-01 19:24:36.801,16
1181107,2015-07-01 19:24:37.019,2015-07-01 19:24:37.066,47
1190404,2015-07-01 19:24:37.161,2015-07-01 19:24:37.208,47
1190409,2015-07-01 19:24:37.349,2015-07-01 19:24:37.396,47
1190610,2015-07-01 19:24:38.434,2015-07-01 19:24:38.53,96
1181101,2015-07-01 19:24:39.06,2015-07-01 19:24:39.124,64
1190611,2015-07-01 19:24:39.244,2015-07-01 19:24:39.307,63
1181102,2015-07-01 19:24:39.771,2015-07-01 19:24:39.787,16
1190407,2015-07-01 19:24:39.865,2015-07-01 19:24:39.88,15
1181103,2015-07-01 19:24:40.423,2015-07-01 19:24:40.439,16
1190408,2015-07-01 19:24:40.565,2015-07-01 19:24:40.699,134
1190604,2015-07-01 19:24:41.127,2015-07-01 19:24:41.463,336
1190603,2015-07-01 19:24:41.855,2015-07-01 19:24:41.87,15
1190602,2015-07-01 19:24:42.034,2015-07-01 19:24:42.035,1
1190601,2015-07-01 19:24:42.563,2015-07-01 19:24:42.593,30
1190608,2015-07-01 19:24:42.782,2015-07-01 19:24:42.806,24
1190412,2015-07-01 19:24:45.129,2015-07-01 19:24:45.265,136
1190607,2015-07-01 19:24:45.442,2015-07-01 19:24:45.456,14
1190411,2015-07-01 19:24:45.609,2015-07-01 19:24:45.658,49
1190606,2015-07-01 19:24:45.745,2015-07-01 19:24:45.805,60
1190410,2015-07-01 19:24:46.17,2015-07-01 19:24:46.187,17
1190605,2015-07-01 19:24:46.416,2015-07-01 19:24:46.458,42
1190509,2015-07-01 19:24:46.582,2015-07-01 19:24:46.663,81
1190508,2015-07-01 19:24:46.844,2015-07-01 19:24:46.876,32
1190312,2015-07-01 19:24:47.142,2015-07-01 19:24:47.173,31
1190507,2015-07-01 19:24:47.36,2015-07-01 19:24:47.391,31
1190311,2015-07-01 19:24:48.538,2015-07-01 19:24:48.928,390
1190506,2015-07-01 19:24:49.616,2015-07-01 19:24:49.631,15
1190609,2015-07-01 19:24:50.275,2015-07-01 19:24:50.76,485
1190310,2015-07-01 19:24:50.916,2015-07-01 19:24:50.931,15
1190505,2015-07-01 19:24:51.04,2015-07-01 19:24:51.087,47
1190504,2015-07-01 19:24:51.274,2015-07-01 19:24:51.29,16
1190503,2015-07-01 19:24:52.341,2015-07-01 19:24:52.372,31
1190502,2015-07-01 19:24:52.672,2015-07-01 19:24:52.703,31
1190501,2015-07-01 19:24:53.059,2015-07-01 19:24:53.096,37
1190402,2015-07-01 19:24:53.192,2015-07-01 19:24:53.223,31
1190401,2015-07-01 19:24:53.863,2015-07-01 19:24:53.879,16
1190301,2015-07-01 19:24:54.257,2015-07-01 19:24:54.257,0
1190303,2015-07-01 19:24:54.919,2015-07-01 19:24:54.935,16
1190302,2015-07-01 19:24:55.185,2015-07-01 19:24:55.201,16
1180108,2015-07-01 19:24:55.388,2015-07-01 19:24:55.514,126
1180107,2015-07-01 19:24:55.919,2015-07-01 19:24:56.43,511
1180311,2015-07-01 19:24:56.602,2015-07-01 19:24:56.805,203
1180601,2015-07-01 19:24:56.883,2015-07-01 19:24:57.055,172
1180310,2015-07-01 19:24:57.242,2015-07-01 19:24:57.273,31
1180109,2015-07-01 19:24:57.876,2015-07-01 19:24:57.922,46
1180313,2015-07-01 19:24:58.431,2015-07-01 19:24:58.446,15
1180312,2015-07-01 19:24:58.541,2015-07-01 19:24:58.557,16
1180314,2015-07-01 19:24:58.619,2015-07-01 19:24:58.635,16
1180412,2015-07-01 19:24:58.744,2015-07-01 19:24:58.8,56
1180411,2015-07-01 19:24:59.39,2015-07-01 19:24:59.438,48
1180414,2015-07-01 19:24:59.603,2015-07-01 19:24:59.634,31
1180413,2015-07-01 19:24:59.712,2015-07-01 19:24:59.728,16
1180207,2015-07-01 19:24:59.886,2015-07-01 19:25:00.323,437
1180206,2015-07-01 19:25:00.837,2015-07-01 19:25:00.838,1
1180410,2015-07-01 19:25:01.119,2015-07-01 19:25:01.15,31
1180209,2015-07-01 19:25:01.717,2015-07-01 19:25:01.857,140
1180502,2015-07-01 19:25:02.147,2015-07-01 19:25:02.194,47
1180208,2015-07-01 19:25:02.35,2015-07-01 19:25:02.381,31
1180501,2015-07-01 19:25:02.556,2015-07-01 19:25:02.562,6
1180408,2015-07-01 19:25:02.675,2015-07-01 19:25:02.687,12
1180409,2015-07-01 19:25:02.828,2015-07-01 19:25:02.844,16
1180404,2015-07-01 19:25:02.907,2015-07-01 19:25:02.923,16
1182501,2015-07-01 19:25:02.985,2015-07-01 19:25:03.172,187
1180405,2015-07-01 19:25:04.343,2015-07-01 19:25:04.45,107
1180210,2015-07-01 19:25:04.559,2015-07-01 19:25:04.606,47
1182502,2015-07-01 19:25:04.684,2015-07-01 19:25:04.715,31
1180406,2015-07-01 19:25:04.778,2015-07-01 19:25:04.793,15
1180211,2015-07-01 19:25:04.965,2015-07-01 19:25:05.027,62
1182503,2015-07-01 19:25:06.051,2015-07-01 19:25:06.282,231
1182504,2015-07-01 19:25:06.454,2015-07-01 19:25:06.485,31
1180305,2015-07-01 19:25:06.707,2015-07-01 19:25:06.738,31
1180110,2015-07-01 19:25:06.816,2015-07-01 19:25:06.816,0
1180306,2015-07-01 19:25:07.533,2015-07-01 19:25:07.558,25
1180307,2015-07-01 19:25:07.68,2015-07-01 19:25:07.696,16
1180308,2015-07-01 19:25:07.82,2015-07-01 19:25:07.836,16
1180309,2015-07-01 19:25:07.976,2015-07-01 19:25:07.992,16
1180612,2015-07-01 19:25:08.585,2015-07-01 19:25:08.695,110
1180807,2015-07-01 19:25:08.773,2015-07-01 19:25:08.804,31
1180611,2015-07-01 19:25:08.882,2015-07-01 19:25:08.913,31
1180806,2015-07-01 19:25:09.381,2015-07-01 19:25:09.428,47
1180610,2015-07-01 19:25:09.506,2015-07-01 19:25:09.522,16
1180805,2015-07-01 19:25:10.041,2015-07-01 19:25:10.056,15
1180709,2015-07-01 19:25:10.197,2015-07-01 19:25:10.259,62
1180804,2015-07-01 19:25:10.758,2015-07-01 19:25:10.789,31
1180304,2015-07-01 19:25:10.884,2015-07-01 19:25:10.9,16
1180803,2015-07-01 19:25:10.978,2015-07-01 19:25:11.056,78
1181110,2015-07-01 19:25:11.874,2015-07-01 19:25:11.889,15
1180303,2015-07-01 19:25:11.983,2015-07-01 19:25:12.014,31
1180802,2015-07-01 19:25:12.949,2015-07-01 19:25:12.98,31
1180302,2015-07-01 19:25:13.105,2015-07-01 19:25:13.12,15
1180801,2015-07-01 19:25:14.063,2015-07-01 19:25:14.078,15
1180301,2015-07-01 19:25:14.281,2015-07-01 19:25:14.297,16
1180403,2015-07-01 19:25:14.438,2015-07-01 19:25:14.485,47
1180704,2015-07-01 19:25:14.532,2015-07-01 19:25:14.579,47
1182508,2015-07-01 19:25:14.641,2015-07-01 19:25:14.766,125
1180402,2015-07-01 19:25:15.177,2015-07-01 19:25:15.183,6
1180703,2015-07-01 19:25:15.356,2015-07-01 19:25:15.372,16
1182507,2015-07-01 19:25:15.45,2015-07-01 19:25:15.466,16
1181111,2015-07-01 19:25:15.622,2015-07-01 19:25:15.623,1
1180401,2015-07-01 19:25:15.8,2015-07-01 19:25:15.924,124
1180702,2015-07-01 19:25:19.567,2015-07-01 19:25:19.583,16
1182506,2015-07-01 19:25:19.747,2015-07-01 19:25:19.747,0
1180701,2015-07-01 19:25:19.92,2015-07-01 19:25:19.936,16
1182505,2015-07-01 19:25:23.377,2015-07-01 19:25:23.377,0
1180513,2015-07-01 19:25:23.455,2015-07-01 19:25:23.47,15
1180708,2015-07-01 19:25:23.581,2015-07-01 19:25:23.614,33
1180512,2015-07-01 19:25:23.865,2015-07-01 19:25:23.897,32
1180707,2015-07-01 19:25:24.115,2015-07-01 19:25:24.131,16
1180511,2015-07-01 19:25:24.616,2015-07-01 19:25:24.617,1
1180706,2015-07-01 19:25:24.682,2015-07-01 19:25:24.697,15
1180809,2015-07-01 19:25:24.822,2015-07-01 19:25:24.853,31
1180705,2015-07-01 19:25:25.212,2015-07-01 19:25:25.228,16
1180808,2015-07-01 19:25:25.698,2015-07-01 19:25:25.906,208
1182509,2015-07-01 19:25:26.297,2015-07-01 19:25:26.468,171
1180204,2015-07-01 19:25:26.703,2015-07-01 19:25:26.891,188
1180505,2015-07-01 19:25:27.078,2015-07-01 19:25:27.296,218
1182510,2015-07-01 19:25:28.068,2015-07-01 19:25:28.146,78
1180205,2015-07-01 19:25:32.275,2015-07-01 19:25:32.275,0
1180506,2015-07-01 19:25:32.665,2015-07-01 19:25:32.68,15
1181109,2015-07-01 19:25:32.805,2015-07-01 19:25:32.836,31
1180202,2015-07-01 19:25:32.992,2015-07-01 19:25:33.024,32
1180503,2015-07-01 19:25:33.086,2015-07-01 19:25:33.086,0
1181108,2015-07-01 19:25:33.274,2015-07-01 19:25:33.337,63
1180203,2015-07-01 19:25:33.383,2015-07-01 19:25:33.415,32
1180504,2015-07-01 19:25:33.763,2015-07-01 19:25:33.779,16
1180509,2015-07-01 19:25:33.904,2015-07-01 19:25:33.919,15
1180710,2015-07-01 19:25:34.184,2015-07-01 19:25:34.2,16
1180201,2015-07-01 19:25:34.279,2015-07-01 19:25:34.295,16
1180711,2015-07-01 19:25:34.451,2015-07-01 19:25:34.497,46
1190612,2015-07-01 19:25:35.044,2015-07-01 19:25:35.06,16
1180507,2015-07-01 19:25:35.529,2015-07-01 19:25:35.545,16
1180508,2015-07-01 19:25:36.033,2015-07-01 19:25:36.347,314
1180101,2015-07-01 19:25:36.564,2015-07-01 19:25:36.564,0
1180608,2015-07-01 19:25:36.957,2015-07-01 19:25:36.959,2
1180810,2015-07-01 19:25:37.36,2015-07-01 19:25:37.375,15
1180102,2015-07-01 19:25:37.423,2015-07-01 19:25:37.454,31
1180609,2015-07-01 19:25:37.626,2015-07-01 19:25:37.641,15
1180606,2015-07-01 19:25:37.959,2015-07-01 19:25:38.006,47
1180607,2015-07-01 19:25:38.11,2015-07-01 19:25:38.116,6
1180105,2015-07-01 19:25:38.326,2015-07-01 19:25:38.358,32
1180604,2015-07-01 19:25:38.608,2015-07-01 19:25:38.623,15
1180106,2015-07-01 19:25:38.782,2015-07-01 19:25:38.813,31
1180605,2015-07-01 19:25:39.23,2015-07-01 19:25:39.246,16
1180103,2015-07-01 19:25:39.684,2015-07-01 19:25:39.715,31
1180602,2015-07-01 19:25:40.075,2015-07-01 19:25:40.277,202
1180104,2015-07-01 19:25:40.823,2015-07-01 19:25:40.824,1
1180603,2015-07-01 19:25:41.292,2015-07-01 19:25:41.37,78
1191509,2015-07-01 19:25:41.448,2015-07-01 19:25:41.576,128
1191507,2015-07-01 19:25:42.499,2015-07-01 19:25:42.53,31
1191508,2015-07-01 19:25:45.715,2015-07-01 19:25:45.731,16
1191505,2015-07-01 19:25:45.809,2015-07-01 19:25:45.877,68
1180712,2015-07-01 19:25:46.644,2015-07-01 19:25:46.675,31
1191506,2015-07-01 19:25:48.13,2015-07-01 19:25:48.161,31
1180713,2015-07-01 19:25:48.349,2015-07-01 19:25:48.364,15
1191503,2015-07-01 19:25:49.332,2015-07-01 19:25:49.457,125
1180714,2015-07-01 19:25:49.629,2015-07-01 19:25:49.629,0
1191504,2015-07-01 19:25:51.182,2015-07-01 19:25:51.198,16
1191909,2015-07-01 19:25:52.216,2015-07-01 19:25:52.498,282
1191908,2015-07-01 19:25:52.654,2015-07-01 19:25:52.669,15
1191907,2015-07-01 19:25:53.106,2015-07-01 19:25:53.137,31
1192501,2015-07-01 19:25:53.325,2015-07-01 19:25:53.419,94
1192502,2015-07-01 19:25:53.69,2015-07-01 19:25:53.691,1
1192503,2015-07-01 19:25:54.099,2015-07-01 19:25:54.146,47
1191902,2015-07-01 19:25:54.487,2015-07-01 19:25:54.518,31
1191901,2015-07-01 19:25:54.964,2015-07-01 19:25:54.975,11
1191510,2015-07-01 19:25:55.284,2015-07-01 19:25:55.424,140
1191906,2015-07-01 19:25:56.041,2015-07-01 19:25:56.041,0
1191905,2015-07-01 19:25:56.212,2015-07-01 19:25:56.228,16
1191904,2015-07-01 19:25:56.4,2015-07-01 19:25:56.433,33
1191903,2015-07-01 19:25:56.624,2015-07-01 19:25:56.64,16
1192507,2015-07-01 19:25:57.108,2015-07-01 19:25:57.154,46
1191114,2015-07-01 19:25:57.975,2015-07-01 19:25:58.035,60
1192506,2015-07-01 19:25:58.225,2015-07-01 19:25:58.231,6
1192505,2015-07-01 19:25:58.586,2015-07-01 19:25:58.586,0
1192504,2015-07-01 19:25:59.006,2015-07-01 19:25:59.022,16
1191110,2015-07-01 19:25:59.351,2015-07-01 19:25:59.367,16
1191111,2015-07-01 19:25:59.492,2015-07-01 19:25:59.523,31
1192509,2015-07-01 19:25:59.632,2015-07-01 19:25:59.648,16
1191112,2015-07-01 19:26:00.321,2015-07-01 19:26:00.322,1
1192508,2015-07-01 19:26:00.441,2015-07-01 19:26:00.455,14
1191113,2015-07-01 19:26:00.752,2015-07-01 19:26:00.775,23
1192510,2015-07-01 19:26:00.89,2015-07-01 19:26:00.959,69
1191108,2015-07-01 19:26:01.256,2015-07-01 19:26:01.336,80
1191107,2015-07-01 19:26:01.664,2015-07-01 19:26:01.773,109
1192511,2015-07-01 19:26:01.961,2015-07-01 19:26:01.961,0
1191109,2015-07-01 19:26:02.663,2015-07-01 19:26:02.694,31
1191911,2015-07-01 19:26:02.82,2015-07-01 19:26:02.882,62
1191910,2015-07-01 19:26:04.475,2015-07-01 19:26:04.49,15
1191006,2015-07-01 19:26:04.588,2015-07-01 19:26:04.619,31
1191007,2015-07-01 19:26:04.759,2015-07-01 19:26:04.759,0
1191004,2015-07-01 19:26:05.162,2015-07-01 19:26:05.163,1
1191005,2015-07-01 19:26:05.639,2015-07-01 19:26:05.655,16
1191002,2015-07-01 19:26:06.233,2015-07-01 19:26:06.264,31
1191003,2015-07-01 19:26:06.654,2015-07-01 19:26:06.654,0
1191001,2015-07-01 19:26:06.989,2015-07-01 19:26:07.042,53
1182402,2015-07-01 19:26:07.675,2015-07-01 19:26:07.774,99
1191101,2015-07-01 19:26:07.976,2015-07-01 19:26:07.992,16
1182403,2015-07-01 19:26:08.164,2015-07-01 19:26:08.195,31
1191102,2015-07-01 19:26:08.523,2015-07-01 19:26:08.539,16
1182404,2015-07-01 19:26:08.901,2015-07-01 19:26:08.916,15
1182405,2015-07-01 19:26:09.244,2015-07-01 19:26:09.244,0
1191105,2015-07-01 19:26:09.463,2015-07-01 19:26:09.479,16
1191106,2015-07-01 19:26:09.591,2015-07-01 19:26:09.607,16
1191103,2015-07-01 19:26:10.281,2015-07-01 19:26:10.297,16
1192009,2015-07-01 19:26:10.421,2015-07-01 19:26:10.499,78
1182401,2015-07-01 19:26:10.861,2015-07-01 19:26:10.893,32
1191104,2015-07-01 19:26:11.996,2015-07-01 19:26:12.254,258
1192012,2015-07-01 19:26:13.463,2015-07-01 19:26:13.474,11
1192013,2015-07-01 19:26:13.853,2015-07-01 19:26:13.866,13
1192010,2015-07-01 19:26:14.173,2015-07-01 19:26:14.191,18
1192011,2015-07-01 19:26:14.812,2015-07-01 19:26:14.823,11
1181011,2015-07-01 19:26:15.477,2015-07-01 19:26:15.619,142
1181010,2015-07-01 19:26:17.003,2015-07-01 19:26:17.014,11
1182411,2015-07-01 19:26:17.335,2015-07-01 19:26:17.376,41
1181209,2015-07-01 19:26:19.106,2015-07-01 19:26:19.13,24
1182412,2015-07-01 19:26:19.244,2015-07-01 19:26:19.251,7
1181208,2015-07-01 19:26:19.457,2015-07-01 19:26:19.463,6
1181207,2015-07-01 19:26:19.914,2015-07-01 19:26:20.005,91
1181012,2015-07-01 19:26:20.318,2015-07-01 19:26:20.342,24
1182410,2015-07-01 19:26:20.605,2015-07-01 19:26:20.716,111
1192005,2015-07-01 19:26:20.97,2015-07-01 19:26:20.99,20
1191401,2015-07-01 19:26:21.176,2015-07-01 19:26:21.408,232
1190513,2015-07-01 19:26:21.912,2015-07-01 19:26:21.941,29
1192006,2015-07-01 19:26:22.114,2015-07-01 19:26:22.126,12
1190514,2015-07-01 19:26:22.421,2015-07-01 19:26:22.438,17
1192007,2015-07-01 19:26:22.748,2015-07-01 19:26:22.759,11
1191403,2015-07-01 19:26:23.076,2015-07-01 19:26:23.092,16
1190515,2015-07-01 19:26:24.322,2015-07-01 19:26:24.766,444
1192008,2015-07-01 19:26:25.942,2015-07-01 19:26:25.971,29
1191402,2015-07-01 19:26:26.431,2015-07-01 19:26:26.442,11
1192001,2015-07-01 19:26:26.939,2015-07-01 19:26:26.957,18
1181212,2015-07-01 19:26:27.42,2015-07-01 19:26:27.427,7
1182409,2015-07-01 19:26:27.813,2015-07-01 19:26:27.825,12
1192002,2015-07-01 19:26:28.46,2015-07-01 19:26:28.648,188
1181213,2015-07-01 19:26:29.09,2015-07-01 19:26:29.103,13
1182408,2015-07-01 19:26:29.36,2015-07-01 19:26:29.438,78
1192003,2015-07-01 19:26:30.012,2015-07-01 19:26:30.105,93
1181210,2015-07-01 19:26:30.987,2015-07-01 19:26:31.0,13
1181009,2015-07-01 19:26:31.423,2015-07-01 19:26:31.429,6
1182407,2015-07-01 19:26:31.592,2015-07-01 19:26:31.623,31
1192004,2015-07-01 19:26:32.463,2015-07-01 19:26:32.503,40
1181211,2015-07-01 19:26:32.67,2015-07-01 19:26:32.682,12
1182406,2015-07-01 19:26:33.082,2015-07-01 19:26:33.089,7
1191502,2015-07-01 19:26:33.39,2015-07-01 19:26:33.412,22
1191501,2015-07-01 19:26:33.909,2015-07-01 19:26:33.928,19
1192602,2015-07-01 19:26:38.646,2015-07-01 19:26:38.714,68
1192601,2015-07-01 19:26:38.912,2015-07-01 19:26:38.924,12
1192415,2015-07-01 19:26:39.11,2015-07-01 19:26:39.137,27
1191206,2015-07-01 19:26:47.371,2015-07-01 19:26:47.543,172
1192414,2015-07-01 19:26:47.762,2015-07-01 19:26:47.768,6
1191207,2015-07-01 19:26:48.056,2015-07-01 19:26:48.084,28
1192413,2015-07-01 19:26:48.197,2015-07-01 19:26:48.239,42
1191208,2015-07-01 19:26:48.646,2015-07-01 19:26:48.668,22
1192412,2015-07-01 19:26:48.852,2015-07-01 19:26:48.869,17
1191410,2015-07-01 19:26:49.236,2015-07-01 19:26:49.254,18
1191209,2015-07-01 19:26:49.347,2015-07-01 19:26:49.393,46
1192411,2015-07-01 19:26:49.519,2015-07-01 19:26:49.525,6
1192410,2015-07-01 19:26:51.376,2015-07-01 19:26:51.392,16
1192209,2015-07-01 19:26:54.61,2015-07-01 19:26:54.739,129
1192208,2015-07-01 19:26:55.479,2015-07-01 19:26:55.486,7
1192207,2015-07-01 19:26:55.812,2015-07-01 19:26:55.834,22
1191405,2015-07-01 19:26:56.351,2015-07-01 19:26:56.357,6
1191210,2015-07-01 19:26:57.254,2015-07-01 19:26:57.385,131
1191404,2015-07-01 19:26:57.479,2015-07-01 19:26:57.542,63
1192409,2015-07-01 19:26:57.635,2015-07-01 19:26:57.68,45
1191407,2015-07-01 19:27:01.235,2015-07-01 19:27:01.247,12
1191406,2015-07-01 19:27:01.569,2015-07-01 19:27:01.576,7
1191211,2015-07-01 19:27:02.032,2015-07-01 19:27:02.044,12
1192407,2015-07-01 19:27:02.256,2015-07-01 19:27:02.352,96
1192212,2015-07-01 19:27:02.714,2015-07-01 19:27:02.842,128
1191409,2015-07-01 19:27:03.251,2015-07-01 19:27:03.268,17
1191214,2015-07-01 19:27:03.574,2015-07-01 19:27:03.585,11
1192408,2015-07-01 19:27:03.666,2015-07-01 19:27:03.673,7
1191408,2015-07-01 19:27:04.669,2015-07-01 19:27:04.686,17
1191213,2015-07-01 19:27:05.037,2015-07-01 19:27:05.09,53
1192405,2015-07-01 19:27:05.322,2015-07-01 19:27:05.461,139
1192210,2015-07-01 19:27:06.161,2015-07-01 19:27:06.238,77
1192406,2015-07-01 19:27:06.518,2015-07-01 19:27:06.557,39
1192211,2015-07-01 19:27:07.018,2015-07-01 19:27:07.041,23
1192806,2015-07-01 19:27:07.923,2015-07-01 19:27:08.342,419
1192611,2015-07-01 19:27:10.328,2015-07-01 19:27:10.521,193
1192805,2015-07-01 19:27:10.687,2015-07-01 19:27:10.699,12
1192808,2015-07-01 19:27:11.583,2015-07-01 19:27:11.615,32
1192613,2015-07-01 19:27:12.015,2015-07-01 19:27:12.027,12
1192807,2015-07-01 19:27:12.24,2015-07-01 19:27:12.262,22
1192612,2015-07-01 19:27:12.972,2015-07-01 19:27:13.101,129
1192802,2015-07-01 19:27:13.191,2015-07-01 19:27:13.264,73
1192801,2015-07-01 19:27:14.182,2015-07-01 19:27:14.193,11
1192804,2015-07-01 19:27:14.618,2015-07-01 19:27:14.641,23
1192803,2015-07-01 19:27:15.022,2015-07-01 19:27:15.039,17
1192402,2015-07-01 19:27:16.748,2015-07-01 19:27:16.807,59
1192401,2015-07-01 19:27:17.213,2015-07-01 19:27:17.336,123
1192404,2015-07-01 19:27:18.4,2015-07-01 19:27:18.419,19
1192403,2015-07-01 19:27:19.168,2015-07-01 19:27:19.181,13
1192809,2015-07-01 19:27:19.389,2015-07-01 19:27:19.425,36
1192203,2015-07-01 19:27:19.66,2015-07-01 19:27:19.685,25
1192204,2015-07-01 19:27:20.837,2015-07-01 19:27:20.853,16
1192205,2015-07-01 19:27:21.145,2015-07-01 19:27:21.248,103
1192206,2015-07-01 19:27:22.062,2015-07-01 19:27:22.084,22
1192201,2015-07-01 19:27:23.694,2015-07-01 19:27:23.861,167
1192202,2015-07-01 19:27:24.169,2015-07-01 19:27:24.196,27
1192607,2015-07-01 19:27:24.346,2015-07-01 19:27:24.364,18
1192608,2015-07-01 19:27:24.804,2015-07-01 19:27:24.975,171
1192810,2015-07-01 19:27:25.409,2015-07-01 19:27:25.42,11
1192609,2015-07-01 19:27:25.664,2015-07-01 19:27:25.684,20
1192811,2015-07-01 19:27:26.043,2015-07-01 19:27:26.05,7
1192603,2015-07-01 19:27:28.223,2015-07-01 19:27:28.283,60
1192604,2015-07-01 19:27:29.822,2015-07-01 19:27:29.957,135
1192605,2015-07-01 19:27:31.318,2015-07-01 19:27:31.338,20
1192606,2015-07-01 19:27:32.807,2015-07-01 19:27:32.848,41
1193107,2015-07-01 19:27:34.113,2015-07-01 19:27:34.379,266
1193108,2015-07-01 19:27:34.851,2015-07-01 19:27:34.871,20
1193105,2015-07-01 19:27:35.535,2015-07-01 19:27:35.719,184
1193106,2015-07-01 19:27:37.303,2015-07-01 19:27:37.315,12
1193103,2015-07-01 19:27:38.009,2015-07-01 19:27:38.468,459
1193104,2015-07-01 19:27:39.479,2015-07-01 19:27:39.554,75
1193101,2015-07-01 19:27:39.713,2015-07-01 19:27:39.725,12
1193102,2015-07-01 19:27:40.823,2015-07-01 19:27:40.823,0
1192311,2015-07-01 19:27:42.398,2015-07-01 19:27:42.687,289
1192312,2015-07-01 19:27:43.09,2015-07-01 19:27:43.121,31
1191309,2015-07-01 19:27:43.395,2015-07-01 19:27:43.443,48
1192310,2015-07-01 19:27:43.599,2015-07-01 19:27:43.63,31
1191306,2015-07-01 19:27:45.208,2015-07-01 19:27:45.225,17
1191305,2015-07-01 19:27:45.606,2015-07-01 19:27:45.637,31
1192313,2015-07-01 19:27:45.746,2015-07-01 19:27:45.777,31
1191308,2015-07-01 19:27:46.328,2015-07-01 19:27:46.421,93
1191307,2015-07-01 19:27:46.547,2015-07-01 19:27:46.563,16
1192309,2015-07-01 19:27:46.734,2015-07-01 19:27:46.75,16
1191312,2015-07-01 19:27:47.216,2015-07-01 19:27:47.234,18
1192308,2015-07-01 19:27:47.628,2015-07-01 19:27:47.643,15
1191313,2015-07-01 19:27:48.16,2015-07-01 19:27:48.222,62
1192307,2015-07-01 19:27:48.984,2015-07-01 19:27:49.005,21
1192306,2015-07-01 19:27:49.829,2015-07-01 19:27:49.873,44
1191310,2015-07-01 19:27:50.237,2015-07-01 19:27:50.254,17
1191311,2015-07-01 19:27:50.516,2015-07-01 19:27:50.537,21
1192701,2015-07-01 19:27:50.629,2015-07-01 19:27:50.765,136
1193010,2015-07-01 19:27:51.127,2015-07-01 19:27:51.143,16
1192702,2015-07-01 19:27:52.851,2015-07-01 19:27:53.042,191
1192703,2015-07-01 19:27:54.6,2015-07-01 19:27:54.649,49
1192704,2015-07-01 19:27:55.429,2015-07-01 19:27:55.445,16
1192705,2015-07-01 19:27:56.304,2015-07-01 19:27:56.319,15
1192706,2015-07-01 19:27:56.916,2015-07-01 19:27:56.931,15
1192707,2015-07-01 19:27:58.817,2015-07-01 19:27:58.848,31
1192708,2015-07-01 19:27:59.335,2015-07-01 19:27:59.35,15
1192709,2015-07-01 19:28:00.645,2015-07-01 19:28:00.646,1
1192301,2015-07-01 19:28:01.442,2015-07-01 19:28:01.457,15
1193209,2015-07-01 19:28:01.942,2015-07-01 19:28:02.659,717
1192302,2015-07-01 19:28:03.3,2015-07-01 19:28:03.316,16
1193208,2015-07-01 19:28:04.53,2015-07-01 19:28:04.545,15
1192303,2015-07-01 19:28:05.009,2015-07-01 19:28:05.116,107
1193111,2015-07-01 19:28:05.768,2015-07-01 19:28:05.784,16
1192304,2015-07-01 19:28:06.793,2015-07-01 19:28:06.954,161
1193110,2015-07-01 19:28:07.806,2015-07-01 19:28:07.824,18
1192305,2015-07-01 19:28:09.778,2015-07-01 19:28:09.784,6
1193215,2015-07-01 19:28:11.101,2015-07-01 19:28:11.227,126
1193211,2015-07-01 19:28:13.282,2015-07-01 19:28:13.283,1
1193212,2015-07-01 19:28:13.906,2015-07-01 19:28:14.134,228
1193213,2015-07-01 19:28:18.15,2015-07-01 19:28:18.161,11
1193214,2015-07-01 19:28:18.807,2015-07-01 19:28:18.839,32
1193109,2015-07-01 19:28:22.414,2015-07-01 19:28:22.425,11
1193210,2015-07-01 19:28:22.806,2015-07-01 19:28:22.822,16
1192710,2015-07-01 19:28:23.227,2015-07-01 19:28:23.227,0
1192712,2015-07-01 19:28:24.024,2015-07-01 19:28:24.04,16
1192711,2015-07-01 19:28:24.367,2015-07-01 19:28:24.383,16
1193001,2015-07-01 19:28:24.664,2015-07-01 19:28:24.679,15
1193005,2015-07-01 19:28:25.226,2015-07-01 19:28:25.242,16
1192814,2015-07-01 19:28:26.023,2015-07-01 19:28:26.038,15
1190711,2015-07-01 19:28:29.928,2015-07-01 19:28:29.949,21
1193004,2015-07-01 19:28:30.12,2015-07-01 19:28:30.126,6
1190712,2015-07-01 19:28:30.424,2015-07-01 19:28:30.424,0
1193003,2015-07-01 19:28:31.001,2015-07-01 19:28:31.002,1
1192812,2015-07-01 19:28:35.091,2015-07-01 19:28:35.122,31
1190713,2015-07-01 19:28:37.464,2015-07-01 19:28:37.48,16
1193002,2015-07-01 19:28:37.795,2015-07-01 19:28:37.811,16
1192813,2015-07-01 19:28:38.497,2015-07-01 19:28:38.513,16
1190714,2015-07-01 19:28:38.763,2015-07-01 19:28:38.763,0
1193009,2015-07-01 19:28:38.904,2015-07-01 19:28:38.919,15
1192818,2015-07-01 19:28:39.7,2015-07-01 19:28:39.7,0
1193008,2015-07-01 19:28:42.274,2015-07-01 19:28:42.289,15
1193007,2015-07-01 19:28:42.492,2015-07-01 19:28:42.492,0
1192816,2015-07-01 19:28:43.757,2015-07-01 19:28:43.772,15
1193006,2015-07-01 19:28:44.318,2015-07-01 19:28:44.382,64
1192817,2015-07-01 19:28:45.131,2015-07-01 19:28:45.162,31
1193202,2015-07-01 19:28:47.162,2015-07-01 19:28:47.178,16
1193203,2015-07-01 19:28:47.522,2015-07-01 19:28:47.553,31
1193201,2015-07-01 19:28:47.709,2015-07-01 19:28:47.725,16
1193206,2015-07-01 19:28:48.085,2015-07-01 19:28:48.085,0
1193207,2015-07-01 19:28:56.19,2015-07-01 19:28:56.221,31
1193204,2015-07-01 19:28:56.377,2015-07-01 19:28:56.393,16
1193205,2015-07-01 19:28:56.705,2015-07-01 19:28:56.721,16
1191303,2015-07-01 19:28:57.143,2015-07-01 19:28:57.158,15
1191304,2015-07-01 19:28:57.502,2015-07-01 19:28:57.517,15
1191301,2015-07-01 19:28:57.611,2015-07-01 19:28:57.626,15
1191302,2015-07-01 19:28:58.207,2015-07-01 19:28:58.222,15
1191204,2015-07-01 19:28:58.409,2015-07-01 19:28:58.409,0
1192416,2015-07-01 19:28:58.799,2015-07-01 19:28:58.815,16
1191205,2015-07-01 19:29:03.784,2015-07-01 19:29:03.796,12
1191202,2015-07-01 19:29:03.915,2015-07-01 19:29:03.962,47
1191203,2015-07-01 19:29:04.353,2015-07-01 19:29:04.368,15
1191201,2015-07-01 19:29:04.462,2015-07-01 19:29:04.493,31
